date,actual,pred_LastValue_baseline,pred_MovingAverage_baseline,pred_LinearRegression,pred_Ridge_alpha_1,pred_RandomForest_default,pred_GradientBoosting_advanced,pred_RandomForest_tuned
2015-02-06 04:25:00,433.187,461.572,474.41580000000005,447.90187154212845,449.97325656800473,480.6941251108163,497.7242529527933,480.6941251108159
2015-02-06 04:26:00,423.246,471.099,471.68379999999996,450.26965705863256,453.7720277502426,446.0096591867553,477.13898007348337,446.0096591867553
2015-02-06 04:27:00,419.865,468.338,470.9732,446.5245156660289,449.99762274709997,491.3355337157181,477.13898007348337,491.3355337157182
2015-02-06 04:28:00,411.051,461.006,470.0876,440.080125460806,443.9436310087224,490.0996810642029,481.6638765828943,490.099681064203
2015-02-06 04:29:00,400.459,464.469,467.541,445.90148144787656,448.4379213479882,489.8436731475364,480.9128484608553,489.84367314753644
2015-02-06 04:30:00,410.634,449.776,465.29679999999996,440.46260426680874,440.8305995376119,479.53016586425696,467.376234556519,479.53016586425696
2015-02-06 04:31:00,419.542,454.979,462.93760000000003,444.1310271509103,446.12730728753365,479.9879336143826,476.4437377525179,479.9879336143827
2015-02-06 04:32:00,422.254,430.886,459.71360000000004,427.30961754395025,426.9840569920764,478.52293915636255,467.376234556519,478.52293915636255
2015-02-06 04:33:00,427.065,419.454,452.2232,416.44030279315245,417.32073223062673,492.0754085866832,457.09873201686196,492.0754085866833
2015-02-06 04:34:00,433.627,420.051,443.91279999999995,419.3237052940184,417.4038786021557,499.345156685015,454.88117264402587,499.3451566850152
2015-02-06 04:35:00,431.086,423.691,435.02919999999995,427.97983939452166,422.62132005198976,499.8602286889832,454.88117264402587,499.8602286889834
2015-02-06 04:36:00,446.107,433.472,429.8122,435.3093829306622,428.1892022517828,500.6335273854719,467.376234556519,500.6335273854722
2015-02-06 04:37:00,447.489,440.568,425.5108,450.75249506423035,446.89231302947326,500.97591829938995,472.74604843659364,500.97591829939023
2015-02-06 04:38:00,460.502,440.63,427.44719999999995,440.60264502121197,435.8714971572597,505.84593524428135,467.376234556519,505.84593524428146
2015-02-06 04:39:00,460.844,447.959,431.6824,443.2658294128206,441.79651234271523,502.5483379106187,467.376234556519,502.54833791061884
2015-02-06 04:40:00,452.303,433.187,437.26399999999995,431.28481071315537,429.90157368704917,501.1066570034944,467.376234556519,501.1066570034945
2015-02-06 04:41:00,446.944,423.246,439.1632000000001,435.8033912253136,432.39447851947034,498.4902276768602,454.88117264402587,498.49022767686034
2015-02-06 04:42:00,438.713,419.865,437.11799999999994,420.9296480876541,421.39321493660054,498.64552427244263,457.09873201686196,498.64552427244263
2015-02-06 04:43:00,431.439,411.051,432.97740000000005,413.9338221112336,413.4031793343663,486.5650660397881,457.09873201686196,486.56506603978835
2015-02-06 04:44:00,425.63,400.459,427.0616,407.65605658035105,407.0024856376948,482.11163034534377,457.09873201686196,482.1116303453438
2015-02-06 04:45:00,438.635,410.634,417.5616,419.36414325586793,420.1460138922536,481.7601193803365,467.1850130334736,481.7601193803365
2015-02-06 04:46:00,438.667,419.542,413.05100000000004,417.0477496941378,419.44128347000066,497.08888685511465,467.1850130334736,497.08888685511465
2015-02-06 04:47:00,446.799,422.254,412.3102,414.6305681127743,419.0866361366789,499.1127483689398,467.1850130334736,499.11274836893995
2015-02-06 04:48:00,464.256,427.065,412.788,421.26047218678843,424.2817513441696,502.1740945787023,479.0379806993293,502.1740945787022
2015-02-06 04:49:00,457.158,433.627,415.99080000000004,424.42201947707906,426.728645078496,499.25658387703413,479.0379806993293,499.2565838770342
2015-02-06 04:50:00,455.269,431.086,422.6244,428.7271472680123,429.0949121287437,503.6696964007268,479.0379806993293,503.66969640072693
2015-02-06 04:51:00,461.433,446.107,426.7148,442.38445122646436,441.6985327636523,504.8879534078554,479.0379806993293,504.8879534078557
2015-02-06 04:52:00,470.424,447.489,432.0278,451.90660823308843,448.4063597365017,507.4538683054888,479.0379806993293,507.4538683054889
2015-02-06 04:53:00,471.313,460.502,437.07480000000004,452.1755316742806,449.66290766468563,508.5425047665277,488.20669404616723,508.54250476652794
2015-02-06 04:54:00,496.551,460.844,443.7622,447.5269097516933,445.5788504728398,508.23109724744484,488.20669404616723,508.23109724744495
2015-02-06 04:55:00,480.986,452.303,449.20560000000006,450.80327858018546,451.06313768841096,512.7271964766416,486.6180602405759,512.7271964766418
2015-02-06 04:56:00,485.154,446.944,453.44899999999996,438.60295638713626,438.0736194484251,505.6708331638865,479.0379806993293,505.6708331638866
2015-02-06 04:57:00,486.952,438.713,453.6164,436.8592151732057,435.66635639649184,509.7532391649689,479.0379806993293,509.753239164969
2015-02-06 04:58:00,500.137,431.439,451.8612,420.89536441801823,423.1140884900535,510.81321816669254,487.89998956166727,510.81321816669254
2015-02-06 04:59:00,494.559,425.63,446.04859999999996,455.1822505609456,457.07955188635344,516.7335490392179,487.4222923998383,516.7335490392181
2015-02-06 05:00:00,493.211,438.635,439.0058,454.11598809327035,456.945354642609,514.9857502693766,492.6182750290858,514.9857502693768
2015-02-06 05:01:00,491.369,438.667,436.2722,460.3016749183755,463.3858538388715,515.3759616087597,492.6182750290858,515.3759616087598
2015-02-06 05:02:00,485.26,446.799,434.61679999999996,472.6804849762576,476.3120658900965,510.12292535724475,492.6182750290858,510.122925357245
2015-02-06 05:03:00,469.87,464.256,436.23400000000004,469.69886642566377,470.8630111725172,511.19897785709065,496.4201936292245,511.19897785709077
2015-02-06 05:04:00,454.642,457.158,442.79740000000004,446.0634244559542,443.12697666496894,511.3826039605889,492.5995922001678,511.38260396058905
2015-02-06 05:05:00,457.206,455.269,449.10299999999995,446.93742908517777,444.25056786348534,510.2857712297087,492.5995922001678,510.2857712297086
2015-02-06 05:06:00,455.181,461.433,452.4298,462.26225676704746,460.1558043153158,509.03651135480595,492.5995922001678,509.036511354806
2015-02-06 05:07:00,447.019,470.424,456.983,473.985622796243,472.4687188920046,507.1068868696768,494.7370061146318,507.106886869677
2015-02-06 05:08:00,457.316,471.313,461.70799999999997,463.8393286403816,462.2321963877167,508.2458818867839,491.2151607916888,508.2458818867842
2015-02-06 05:09:00,449.62,496.551,463.11940000000004,488.49949312847957,486.20227681486074,510.93558514446994,505.9577213695737,510.9355851444701
2015-02-06 05:10:00,440.453,480.986,470.99799999999993,466.11740019072147,462.6903265629263,512.6390031572295,489.7372411862521,512.6390031572296
2015-02-06 05:11:00,451.429,485.154,476.1414,473.3194135113513,470.21523055466486,513.1701253319991,489.7372411862521,513.1701253319992
2015-02-06 05:12:00,466.23,486.952,480.88559999999995,475.8225505305499,473.2408789809124,513.5191667731968,489.7372411862521,513.5191667731968
2015-02-06 05:13:00,475.727,500.137,484.19120000000004,485.5688764774046,483.7766677793081,512.4023139816394,504.479801764137,512.4023139816395
2015-02-06 05:14:00,487.991,494.559,489.95599999999996,477.9399629490823,478.5645857590531,513.0232234825611,504.80399029012756,513.0232234825611
2015-02-06 05:15:00,480.214,493.211,489.5576,482.9928583905818,481.26641976936537,512.9918849367189,504.80399029012756,512.9918849367189
2015-02-06 05:16:00,483.151,491.369,492.0026,485.30260133912265,483.7758863378033,510.976238219547,506.56245751995414,510.97623821954716
2015-02-06 05:17:00,480.568,485.26,493.2456,476.48060656232235,475.21759549531714,509.69178113080585,493.59532967827374,509.6917811308059
2015-02-06 05:18:00,499.195,469.87,492.9072,469.06634151539697,468.921207574988,508.5568492699999,493.59532967827374,508.55684927000004
2015-02-06 05:19:00,516.265,454.642,486.8538,444.71728412855293,449.11621588313244,511.88061816208125,491.4957084160786,511.8806181620813
2015-02-06 05:20:00,512.321,457.206,478.87039999999996,441.10820013850343,446.16071983442384,514.9999169679465,493.4060547016629,514.9999169679465
2015-02-06 05:21:00,509.34,455.181,471.66939999999994,444.8022934082351,445.6004196649489,514.6194886571601,496.1506863071336,514.6194886571602
2015-02-06 05:22:00,516.372,447.019,464.4318,444.13117593898767,441.1244872118341,512.1276589624104,502.2030809090692,512.1276589624105
2015-02-06 05:23:00,505.594,457.316,456.78360000000004,459.63033213410085,457.780011366376,509.8678320279838,504.23136625137363,509.867832027984
2015-02-06 05:24:00,500.854,449.62,454.2728,450.7539131835915,450.82185587451534,505.4560005975537,500.81864950059014,505.45600059755384
2015-02-06 05:25:00,500.218,440.453,453.26840000000004,440.63403564380883,441.3401643594141,506.95780657398467,500.81864950059014,506.95780657398495
2015-02-06 05:26:00,500.937,451.429,449.9178,477.8617864396555,478.29735094502314,512.9679229568147,506.9213663764877,512.967922956815
2015-02-06 05:27:00,511.021,466.23,449.1674,486.9642765057115,487.9173901524774,510.7758509696352,516.7785227086893,510.77585096963537
2015-02-06 05:28:00,503.345,475.727,453.0096,496.0774391651279,496.57029995204107,515.5704812248046,510.6117882588756,515.5704812248047
2015-02-06 05:29:00,503.097,487.991,456.69179999999994,498.38445701088233,496.9290546591998,522.4574190852519,528.438104662484,522.457419085252
2015-02-06 05:30:00,499.106,480.214,464.366,502.42116408778656,500.23517380270914,516.6195188530743,515.4709768208037,516.6195188530744
2015-02-06 05:31:00,497.351,483.151,472.3182,506.3817678511857,506.3092822198648,516.4009987268116,515.4709768208037,516.4009987268118
2015-02-06 05:32:00,503.446,480.568,478.6626,494.7402335016939,494.8379326929213,512.873433415401,515.4709768208037,512.8734334154011
2015-02-06 05:33:00,507.846,499.195,481.5302,511.87884355613454,511.6760184084467,527.3128851339928,527.8681319400912,527.3128851339931
2015-02-06 05:34:00,518.508,516.265,486.22380000000004,515.4915925479098,517.2550035100089,534.5286846979321,537.5556610184681,534.5286846979322
2015-02-06 05:35:00,513.304,512.321,491.8786,483.7230655674804,481.46468638110537,534.240035258294,518.1515999163721,534.2400352582941
2015-02-06 05:36:00,513.585,509.34,498.3,479.1436584567273,479.84181884420866,533.2343900638494,518.1515999163721,533.2343900638496
2015-02-06 05:37:00,516.527,516.372,503.53779999999995,486.842399556078,489.8204657782129,530.4599181891193,513.7587017623715,530.4599181891194
2015-02-06 05:38:00,501.809,505.594,510.6986,491.83295063647506,492.6587452522904,524.2748082071247,513.7587017623715,524.2748082071248
2015-02-06 05:39:00,494.447,500.854,511.97839999999997,481.0660694785686,482.2557440813997,517.1001092112948,513.7587017623715,517.1001092112946
2015-02-06 05:40:00,498.868,500.218,508.89619999999996,481.0554154649669,481.22760966424914,517.8155645830267,513.7587017623715,517.8155645830268
2015-02-06 05:41:00,501.809,500.937,506.47560000000004,484.0726651593562,483.0133188088397,517.249257073106,513.7587017623715,517.2492570731062
2015-02-06 05:42:00,508.936,511.021,504.79499999999996,492.1629042648701,490.9402401476072,516.3017979910564,513.7587017623715,516.3017979910567
2015-02-06 05:43:00,520.954,503.345,503.72479999999996,489.88829522308487,489.37824530608145,516.8381968949267,513.7587017623715,516.8381968949267
2015-02-06 05:44:00,523.301,503.097,503.275,492.7884103591776,491.01323364417635,516.1713837311461,513.7587017623715,516.1713837311462
2015-02-06 05:45:00,537.739,499.106,503.7236000000001,488.95620725033103,487.61448946488474,516.373556362725,513.7587017623715,516.373556362725
2015-02-06 05:46:00,535.602,497.351,503.50120000000004,488.0362542644548,486.99992736078303,510.95758587780523,513.7587017623715,510.95758587780534
2015-02-06 05:47:00,525.415,503.446,502.784,490.2483241370804,490.7628326388213,508.91761407914623,513.7587017623715,508.9176140791466
2015-02-06 05:48:00,532.216,507.846,501.26900000000006,497.855981407279,500.14970842954597,506.82759714832827,513.7587017623715,506.82759714832827
2015-02-06 05:49:00,538.638,518.508,502.1692,505.00087160980814,505.49401081181963,505.6079857944533,516.7671685078931,505.6079857944534
2015-02-06 05:50:00,538.335,513.304,505.2514,502.8757533901925,501.49216123714245,506.39648234031455,515.7329470000636,506.39648234031466
2015-02-06 05:51:00,527.89,513.585,508.091,500.4941959024134,500.47695694461584,505.93279127970857,515.7329470000636,505.9327912797087
2015-02-06 05:52:00,530.273,516.527,511.33779999999996,512.2824856274453,511.61063205455656,505.19050223805567,515.7329470000636,505.1905022380559
2015-02-06 05:53:00,510.934,501.809,513.954,503.29078063617305,503.5079884166835,506.72556096705847,515.7329470000636,506.7255609670585
2015-02-06 05:54:00,508.919,494.447,512.7466000000001,496.0505554319596,498.35534876028817,505.77802248185606,520.491519347419,505.7780224818561
2015-02-06 05:55:00,514.988,498.868,507.9344,490.7635680726079,492.43512009771075,506.6343054000789,517.1173784085427,506.6343054000789
2015-02-06 05:56:00,516.274,501.809,505.0472,490.00553478303357,490.37344871847824,506.92681749002605,517.1173784085427,506.92681749002605
2015-02-06 05:57:00,509.883,508.936,502.692,496.14937300845986,495.35226176575554,506.26117760440513,512.7244802545421,506.26117760440513
2015-02-06 05:58:00,513.508,520.954,501.1737999999999,498.30156065788606,499.20563754464496,504.0296501753065,516.1616501927484,504.0296501753065
2015-02-06 05:59:00,508.519,523.301,505.00280000000004,502.8033890833568,500.8594287653065,506.35417007313737,516.1616501927484,506.3541700731374
2015-02-06 06:00:00,506.394,537.739,510.7736,505.16536280927403,505.3061921000188,484.30809750875983,516.1616501927484,484.30809750876
2015-02-06 06:01:00,498.862,535.602,518.5478,502.2987049616348,502.1601565752867,566.5417857636534,536.7469230720583,566.5417857636534
2015-02-06 06:02:00,508.181,525.415,525.3064,500.6992518512298,501.29011268225054,564.2667517827732,536.7469230720583,564.266751782773
2015-02-06 06:03:00,502.956,532.216,528.6022,503.6618950968236,503.5109458135669,546.3448446629936,536.7469230720583,546.3448446629935
2015-02-06 06:04:00,520.5,538.638,530.8546,512.8405901690795,512.2302264576284,548.1239036276996,536.7469230720583,548.1239036276996
2015-02-06 06:05:00,517.655,538.335,533.922,512.5771883540859,514.7805639794858,546.2888454600416,533.3097531338519,546.2888454600416
2015-02-06 06:06:00,505.919,527.89,534.0412,505.317717480631,507.0744819369457,546.1363600509504,533.3097531338519,546.1363600509505
2015-02-06 06:07:00,491.979,530.273,532.4988000000001,509.59504840010766,508.7243886228291,546.0506309494041,533.3097531338519,546.050630949404
2015-02-06 06:08:00,492.175,510.934,533.4703999999999,490.60842029814796,490.80932925137074,545.6250718939664,533.3097531338519,545.6250718939664
2015-02-06 06:09:00,486.229,508.919,529.214,494.46782884100605,498.2387298669571,562.5200711097357,544.8558973176698,562.5200711097355
2015-02-06 06:10:00,486.037,514.988,523.2702,486.4450457044918,488.57907742163053,562.7625441256088,533.3097531338519,562.7625441256085
2015-02-06 06:11:00,488.295,516.274,518.6007999999999,489.4958392013001,490.7464990607459,562.4948396899472,533.3097531338519,562.494839689947
2015-02-06 06:12:00,479.327,509.883,516.2776000000001,488.8943771257382,488.84517599125513,564.3264164558202,533.3097531338519,564.3264164558201
2015-02-06 06:13:00,484.788,513.508,512.1996,494.402249712111,494.3960161633207,569.0813202939145,533.3097531338519,569.0813202939145
2015-02-06 06:14:00,484.81,508.519,512.7144000000001,500.8773155940159,500.7077022089683,569.017881739321,533.3097531338519,569.017881739321
2015-02-06 06:15:00,487.636,506.394,512.6344,491.28979593743,491.3403818127074,568.3872059383931,533.3097531338519,568.3872059383929
2015-02-06 06:16:00,484.565,498.862,510.9156000000001,495.6244554148991,495.4818945605902,565.9170132532078,540.506819504336,565.9170132532078
2015-02-06 06:17:00,479.684,508.181,507.43319999999994,489.54163919088455,491.3421598405588,566.9806118310445,533.3097531338519,566.9806118310445
2015-02-06 06:18:00,481.402,502.956,507.0928,482.07182607357595,484.41660926382144,566.428285562052,533.3097531338519,566.4282855620521
2015-02-06 06:19:00,490.857,520.5,504.98240000000004,499.16691473223045,501.7174797593244,566.6501112443765,533.3097531338519,566.6501112443764
2015-02-06 06:20:00,503.376,517.655,507.3786,493.93431964747185,494.1302364453357,567.6237861813402,533.3097531338519,567.6237861813399
2015-02-06 06:21:00,503.72,505.919,509.6308,486.50881343495234,486.7399925260523,572.0226124050063,533.3097531338519,572.022612405006
2015-02-06 06:22:00,499.47,491.979,511.0422,491.284234664378,491.45146637323785,572.5317263468052,538.7313867681315,572.5317263468049
2015-02-06 06:23:00,502.979,492.175,507.8018,481.3839784503192,481.6305090308689,571.9754545176825,531.5343203976474,571.9754545176824
2015-02-06 06:24:00,515.159,486.229,505.6456,478.1176747679436,478.9298968693533,549.0609885002184,517.0868620970678,549.0609885002183
2015-02-06 06:25:00,520.25,486.037,498.79139999999995,499.0814091400997,498.7032917093188,550.7392268218806,531.738952395315,550.7392268218804
2015-02-06 06:26:00,543.18,488.295,492.4678,512.0171549253798,511.18088193561056,567.399789156037,553.5285343156743,567.3997891560368
2015-02-06 06:27:00,546.442,479.327,488.94300000000004,476.40317758860283,477.44643840602373,549.0441449867493,513.6028094263936,549.0441449867492
2015-02-06 06:28:00,535.458,484.788,486.4126,473.88901201220216,475.2018711119447,549.847727439071,513.6028094263936,549.8477274390712
2015-02-06 06:29:00,542.431,484.81,484.9352,472.39925916195006,474.86395868577966,548.2639271793838,513.6028094263936,548.2639271793839
2015-02-06 06:30:00,537.486,487.636,484.6514,473.2136147065615,476.01406394643203,547.989994242876,515.083139885293,547.989994242876
2015-02-06 06:31:00,546.262,484.565,484.97120000000007,467.47609977561325,471.40823378550294,547.1783845039452,513.6028094263936,547.1783845039452
2015-02-06 06:32:00,551.27,479.684,484.22520000000003,469.6661429590151,471.3444076922757,546.5297882039148,513.6028094263936,546.5297882039148
2015-02-06 06:33:00,549.718,481.402,484.2966,474.7736397069819,477.60224520382894,547.1891591166134,513.6028094263936,547.1891591166134
2015-02-06 06:34:00,545.312,490.857,483.6193999999999,481.12487849316597,483.53522566243714,563.2211740271536,528.0502677269733,563.2211740271534
2015-02-06 06:35:00,553.927,503.376,484.82880000000006,493.21845560320025,495.1210996287097,567.4469949858158,529.8257004631778,567.4469949858158
2015-02-06 06:36:00,559.814,503.72,487.9768,485.3435470303976,484.31690189390383,567.0147471591948,533.3097531338519,567.0147471591948
2015-02-06 06:37:00,559.804,499.47,491.80780000000004,477.93988449440087,478.68723894785325,564.5902302248921,533.3097531338519,564.5902302248921
2015-02-06 06:38:00,552.916,502.979,495.76500000000004,487.0966532127122,489.3667122542072,502.437134595524,512.7244802545421,502.437134595524
2015-02-06 06:39:00,545.835,515.159,500.0804,497.0517118193012,499.64625744469237,497.6158124110826,503.2593689018234,497.6158124110827
2015-02-06 06:40:00,548.822,520.25,504.9408,509.8509870144527,510.9577854568216,497.35063348226896,509.13224986270563,497.35063348226896
2015-02-06 06:41:00,550.508,543.18,508.3156,538.2810504506145,541.127294077607,494.45880969629377,514.5640271969011,494.4588096962938
2015-02-06 06:42:00,535.442,546.442,516.2076,504.9361054285795,505.16072332053363,510.2576007579929,519.1896638900784,510.25760075799275
2015-02-06 06:43:00,521.881,535.458,525.602,501.50647184003924,504.2027596383858,508.6450644033821,519.1896638900784,508.64506440338187
2015-02-06 06:44:00,518.7,542.431,532.0978,506.41061229678525,508.4475378695677,507.4142692849771,519.1896638900784,507.41426928497697
2015-02-06 06:45:00,523.154,537.486,537.5522,504.6242367680024,507.89175894864013,508.75925508708684,517.4311966602518,508.7592550870867
2015-02-06 06:46:00,527.879,546.262,540.9993999999999,517.6006820193004,519.0730630029768,508.132270405822,517.4311966602518,508.1322704058218
2015-02-06 06:47:00,528.023,551.27,541.6157999999999,527.7668959122176,529.5174332095414,508.5612531290081,517.4311966602518,508.56125312900804
2015-02-06 06:48:00,520.171,549.718,542.5814,524.9474740271773,524.709265295245,507.53038454407954,517.4311966602518,507.53038454407954
2015-02-06 06:49:00,515.575,545.312,545.4334,518.2134733097773,519.9158851910802,507.2848174692496,517.4311966602518,507.2848174692497
2015-02-06 06:50:00,501.839,553.927,546.0096,530.5002996425408,531.2114685772866,507.0911875300341,523.8426693553994,507.091187530034
2015-02-06 06:51:00,504.219,559.814,549.2978,536.3015094261872,536.2781786186604,506.2311938606078,523.8426693553994,506.23119386060773
2015-02-06 06:52:00,502.91,559.804,552.0082,535.258905605147,536.0220955809391,505.2640687736068,523.8426693553994,505.2640687736067
2015-02-06 06:53:00,489.827,552.916,553.7149999999999,530.9634922327195,532.644119373357,505.40940666794216,517.4311966602518,505.40940666794205
2015-02-06 06:54:00,480.393,545.835,554.3546,531.4688776990575,533.134060386758,505.2676115824721,517.4311966602518,505.26761158247206
2015-02-06 06:55:00,481.245,548.822,554.4592,539.0380242741346,541.3327939245098,505.2676115824721,517.6726284823179,505.26761158247206
2015-02-06 06:56:00,472.534,550.508,553.4381999999999,539.9275119835382,542.6848374779221,505.98231590901145,517.6726284823179,505.98231590901133
2015-02-06 06:57:00,465.357,535.442,551.577,527.7879687698801,529.2368538035819,505.98231590901145,517.6726284823179,505.98231590901133
2015-02-06 06:58:00,459.919,521.881,546.7046,509.1621693069963,513.4279494815075,505.8405208235414,517.6726284823179,505.84052082354134
2015-02-06 06:59:00,455.435,518.7,540.4975999999999,504.8589411589012,508.81561272496225,507.78112144554876,518.170316598279,507.7811214455488
2015-02-06 07:00:00,458.647,523.154,535.0706,512.3465254147284,514.1114582954052,508.6698313579375,518.170316598279,508.6698313579376
2015-02-06 07:01:00,457.881,527.879,529.9370000000001,519.3965375436992,517.0959029978017,509.30178700571486,518.170316598279,509.30178700571497
2015-02-06 07:02:00,455.345,528.023,525.4112,530.9983226825733,529.5530097154068,510.50066193384356,519.3328052368688,510.5006619338436
2015-02-06 07:03:00,451.101,520.171,523.9273999999999,511.7566297637244,511.4518228121633,509.5181537150007,518.170316598279,509.51815371500055
2015-02-06 07:04:00,463.6,515.575,523.5854,541.925456450374,541.9140425716125,508.68275494569093,535.8884200142381,508.68275494569093
2015-02-06 07:05:00,461.162,501.839,522.9603999999999,530.0286754649889,531.5510940718664,508.894626032439,535.8884200142381,508.894626032439
2015-02-06 07:06:00,460.376,504.219,518.6974000000001,490.3485818525024,493.35008516334614,509.50829342925556,517.9288847762128,509.50829342925556
2015-02-06 07:07:00,462.968,502.91,513.9654,496.13385820235953,497.00649570858934,511.17676818580065,517.9288847762128,511.1767681858006
2015-02-06 07:08:00,468.844,489.827,508.9428,486.74981793860184,486.9155696701695,512.7697825352467,517.0797261959709,512.7697825352466
2015-02-06 07:09:00,458.142,480.393,502.87399999999997,478.8433499141436,479.45234820191683,510.1174765397525,501.7059937394286,510.1174765397524
2015-02-06 07:10:00,457.467,481.245,495.8376,473.68993012000305,476.3938107661728,511.9483142550014,501.7059937394286,511.9483142550014
2015-02-06 07:11:00,466.998,472.534,491.7188,468.61063491808625,470.93979223221976,512.0064989772236,501.7059937394286,512.0064989772235
2015-02-06 07:12:00,458.07,465.357,485.3818,477.23071813265017,475.7970576612129,515.624659020218,501.7059937394286,515.6246590202179
2015-02-06 07:13:00,456.601,459.919,477.87119999999993,464.27286065060747,463.8671278576651,514.3609984775757,498.22194106875435,514.3609984775757
2015-02-06 07:14:00,462.032,455.435,471.8896,471.8555272155054,471.91981797840316,510.92230157281375,496.03616442073263,510.9223015728138
2015-02-06 07:15:00,463.735,458.647,466.89799999999997,479.00319079883104,477.56408310260383,507.2271806997978,504.6585780045534,507.22718069979777
2015-02-06 07:16:00,473.295,457.881,462.37839999999994,467.3769573491801,467.7320400966114,507.89054063366035,493.2551422444559,507.89054063366024
2015-02-06 07:17:00,471.646,455.345,459.44780000000003,466.7038632343141,468.43407623946104,503.5279613281047,493.2551422444559,503.52796132810454
2015-02-06 07:18:00,463.731,451.101,457.44539999999995,464.18436075481577,466.55499389395067,506.5880424021026,481.3111662083218,506.5880424021025
2015-02-06 07:19:00,459.185,463.6,455.6818,475.8073472719347,478.25010367625197,508.63036347353113,497.7242529527933,508.630363473531
2015-02-06 07:20:00,462.544,461.162,457.3148,465.01995879096665,467.15842530689815,498.8835814348432,497.7242529527933,498.883581434843
2015-02-06 07:21:00,475.218,460.376,457.8178,469.58825558345325,472.2499577081819,495.01599325362616,497.7242529527933,495.01599325362605
2015-02-06 07:22:00,488.244,462.968,458.31679999999994,464.169193110244,468.05450642351104,498.0339253369596,497.7242529527933,498.03392533695944
2015-02-06 07:23:00,497.888,468.844,459.84139999999996,469.1515886113931,472.6572853065877,493.35154014896324,497.7242529527933,493.351540148963
2015-02-06 07:24:00,498.414,458.142,463.39,467.12134342306297,467.3995306380854,489.7637800563706,493.2551422444559,489.7637800563704
2015-02-06 07:25:00,502.69,457.467,462.2984,475.2265996923952,475.04862306330165,489.84135658414834,493.2551422444559,489.8413565841482
2015-02-06 07:26:00,521.281,466.998,461.5594,476.1555529367515,474.50400349039074,489.3553363063706,497.7242529527933,489.35533630637036
2015-02-06 07:27:00,526.404,458.07,462.88379999999995,465.1067529908653,465.8003748829828,493.8748975563706,493.2551422444559,493.87489755637046
2015-02-06 07:28:00,529.335,456.601,461.90419999999995,472.1018604638013,472.78261165291497,487.24216686192625,496.03616442073263,487.2421668619261
2015-02-06 07:29:00,532.201,462.032,459.45559999999995,480.5516483611266,479.30128288831736,490.6302253341485,498.88674159138293,490.6302253341482
2015-02-06 07:30:00,549.211,463.735,460.2336,485.35085497089045,484.04372713471764,490.6302253341485,506.3417655191461,490.6302253341482
2015-02-06 07:31:00,551.964,473.295,461.4871999999999,473.28865640618085,474.0984369099477,486.8561163008388,497.7242529527933,486.8561163008386
2015-02-06 07:32:00,559.714,471.646,462.74659999999994,475.6552825984196,474.0721005667906,487.72540380083876,499.01886225543274,487.72540380083865
2015-02-06 07:33:00,561.831,463.731,465.46180000000004,465.1087493136366,465.1643524667863,485.69516527986104,478.4335893761228,485.69516527986127
2015-02-06 07:34:00,565.378,459.185,466.8878000000001,472.73981367301667,470.9933610310676,481.6163097441468,479.4678108839523,481.6163097441468
2015-02-06 07:35:00,583.011,462.544,466.3184,465.03243163294053,464.9994343777903,481.69037389097224,482.20745776349474,481.69037389097235
2015-02-06 07:36:00,571.875,475.218,466.0802,478.6231251697478,479.00021678225596,482.4250566687499,482.07533709944494,482.42505666875
2015-02-06 07:37:00,573.736,488.244,466.4648,510.7160094088679,511.45120162319745,488.56914528746825,512.6015364860611,488.5691452874684
2015-02-06 07:38:00,582.101,497.888,469.7844,509.18920112222,509.6789429163462,495.89545907672596,518.8958750460387,495.8954590767263
2015-02-06 07:39:00,578.494,498.414,476.61580000000004,515.6041594053714,516.5566783273185,501.8628855071605,516.033524032123,501.8628855071605
2015-02-06 07:40:00,574.276,502.69,484.4616,510.7858012690174,515.1390218713356,504.22340850524307,516.033524032123,504.22340850524324
2015-02-06 07:41:00,572.044,521.281,492.4907999999999,521.472772225386,525.007435294369,505.0324831450217,516.8830864450198,505.03248314502184
2015-02-06 07:42:00,563.518,526.404,501.7034,524.8733374509803,525.8629812376796,508.49738106048585,514.5640271969011,508.497381060486
2015-02-06 07:43:00,560.609,529.335,509.33539999999994,548.3888786311886,548.9296786619678,512.4210694984163,537.4947055348082,512.421069498416
2015-02-06 07:44:00,561.377,532.201,515.6247999999999,535.8728002399846,538.6598088068271,510.86062433943624,537.4947055348082,510.86062433943613
2015-02-06 07:45:00,569.759,549.211,522.3822,560.1176035811088,563.7222265327736,510.28469439863994,537.4947055348082,510.28469439864
2015-02-06 07:46:00,572.304,551.964,531.6864,559.2573638945784,558.4534257189836,506.69478544315064,536.0789802281029,506.69478544315064
2015-02-06 07:47:00,572.947,559.714,537.823,573.4012686953507,573.1832596209957,505.7435930697467,551.8030644376747,505.7435930697467
2015-02-06 07:48:00,577.236,561.831,544.485,577.3395266962306,578.0145301365928,507.19392861941975,551.8030644376747,507.1939286194198
2015-02-06 07:49:00,575.543,565.378,550.9842000000001,570.3989656768712,573.6648598924852,507.64421873125525,550.0355645123925,507.64421873125525
2015-02-06 07:50:00,561.512,583.011,557.6196000000001,587.4156110454813,588.7137494455186,509.2339744286164,564.4201384285843,509.2339744286165
2015-02-06 07:51:00,564.208,571.875,564.3796,550.6324061471572,549.9838962538604,509.0921793431463,538.5075604218634,509.09217934314637
2015-02-06 07:52:00,581.381,573.736,568.3618,560.6772798388648,559.4039833812428,508.5999878603032,538.5075604218634,508.59998786030326
2015-02-06 07:53:00,576.031,582.101,571.1662,567.8973528264029,567.4814863139818,509.74673466068646,551.9514025212713,509.74673466068634
2015-02-06 07:54:00,569.456,578.494,575.2202,567.4886045283345,568.4603255518508,509.74673466068646,538.5053540175694,509.74673466068634
2015-02-06 07:55:00,562.789,574.276,577.8434,560.5470290078592,562.7119266956473,510.3311726469813,541.3261919476984,510.3311726469812
2015-02-06 07:56:00,579.421,572.044,576.0964,573.8439758996087,573.3964082771909,507.4774615536245,540.7579044212072,507.4774615536246
2015-02-06 07:57:00,577.581,563.518,576.1302,565.859194590929,565.4995595346635,508.7201828456307,542.185200745096,508.7201828456307
2015-02-06 07:58:00,586.01,560.609,574.0866,553.7516827280349,556.5799313283119,508.7201828456307,554.4547029400939,508.7201828456307
2015-02-06 07:59:00,600.003,561.377,569.7882,565.1543633374229,567.4169472821094,511.37548779417745,564.3676103878462,511.37548779417756
2015-02-06 08:00:00,597.267,569.759,566.3648,573.966428119158,575.4352947925628,513.198984556812,548.9453682769746,513.1989845568121
2015-02-06 08:01:00,591.254,572.304,565.4613999999999,583.4194638061927,584.9071937509331,513.198984556812,556.2537341431047,513.1989845568121
2015-02-06 08:02:00,584.197,572.947,565.5134,579.6933001220267,580.3889283048334,514.3096770219039,548.7987102153415,514.309677021904
2015-02-06 08:03:00,583.878,577.236,567.3992000000001,589.4798013778251,590.1801112797115,516.6767641147451,561.5661127694642,516.6767641147452
2015-02-06 08:04:00,588.593,575.543,570.7245999999999,592.8267849246764,592.7396584950776,548.4044777348331,574.2297690182102,548.4044777348331
2015-02-06 08:05:00,588.462,561.512,573.5578,577.4873420025423,576.0826404263431,566.9519548458513,585.5427631742484,566.9519548458513
2015-02-06 08:06:00,585.279,564.208,571.9083999999999,560.1350801388392,561.7235238020819,571.0842533618055,575.1330256244194,571.0842533618055
2015-02-06 08:07:00,576.766,581.381,570.2891999999999,588.4458349764963,588.7268945443143,571.892941745062,599.3885310472166,571.892941745062
2015-02-06 08:08:00,587.447,576.031,571.976,574.801753537605,575.8153822095397,571.5103776291375,597.5107912878913,571.5103776291376
2015-02-06 08:09:00,597.274,569.456,571.735,568.6367372828696,568.8797941872996,571.1823558434231,594.4453787691136,571.1823558434231
2015-02-06 08:10:00,603.905,562.789,570.5175999999999,571.3906958961239,568.7123644822544,573.4054755668933,592.6872912717618,573.4054755668933
2015-02-06 08:11:00,602.659,579.421,570.773,570.8879589737937,569.1993441123377,570.3120302116168,604.7373128649567,570.312030211617
2015-02-06 08:12:00,594.581,577.581,573.8156,561.1707744474559,564.2783056217579,572.8604369040423,612.1031125181049,572.8604369040424
2015-02-06 08:13:00,616.444,586.01,573.0556,572.0223495953718,574.0421543356454,573.3141678917794,624.7649171303865,573.3141678917796
2015-02-06 08:14:00,621.018,600.003,575.0514000000001,584.8741612836081,585.3141615784026,576.120467152111,643.4384584331234,576.1204671521112
2015-02-06 08:15:00,618.724,597.267,581.1608,573.2550229988539,573.3337306956873,582.4498209629147,632.0131903387046,582.4498209629148
2015-02-06 08:16:00,632.678,591.254,588.0564,586.2033278236954,585.6123616725388,589.9022307092375,628.3785122313678,589.9022307092376
2015-02-06 08:17:00,637.495,584.197,590.423,572.5916890472188,573.320547189298,589.4256976834258,628.3785122313678,589.4256976834259
2015-02-06 08:18:00,643.458,583.878,591.7462,575.2152046248976,574.588484048219,590.9221407575,621.0127125782196,590.9221407575
2015-02-06 08:19:00,642.427,588.593,591.3198,579.0779950051866,579.9221491491558,612.2914704170028,633.1989965050592,612.291470417003
2015-02-06 08:20:00,634.054,588.462,589.0378000000001,569.5256467944898,570.5348823328605,663.8283319984196,631.1655088834245,663.8283319984195
2015-02-06 08:21:00,649.762,585.279,587.2768,567.7310475097842,569.3564659238475,665.3878206140351,636.8481210219801,665.3878206140349
2015-02-06 08:22:00,648.585,576.766,586.0818,570.2448078815961,570.3033123230717,663.9917502777781,624.2755406843135,663.9917502777776
2015-02-06 08:23:00,656.384,587.447,584.5956,572.1847419424587,574.0097958649679,664.3578305555556,631.1655088834245,664.3578305555553
2015-02-06 08:24:00,669.38,597.274,585.3094,597.5087915612178,600.0600793319514,667.3624000000001,640.5631556925397,667.3623999999999
2015-02-06 08:25:00,671.771,603.905,587.0456,580.2464647987108,581.7558872360598,663.8555772222222,638.879968177947,663.8555772222222
2015-02-06 08:26:00,681.976,602.659,590.1342,610.6831684961666,612.7033345039747,664.9342751984129,664.9067402906944,664.9342751984127
2015-02-06 08:27:00,679.947,594.581,593.6102,600.1766655320388,603.1185071287065,663.8965638888892,658.310878960888,663.8965638888889
2015-02-06 08:28:00,682.623,616.444,597.1732,635.025813868885,635.7949322611919,668.1729346428573,667.950157521815,668.1729346428571
2015-02-06 08:29:00,680.914,621.018,602.9726,636.8339221620876,636.0032197877043,669.9997376984128,656.3250209372104,669.9997376984126
2015-02-06 08:30:00,674.767,618.724,607.7214,637.7238083367151,638.7732501753236,673.8156968650796,659.5953454942119,673.8156968650794
2015-02-06 08:31:00,681.906,632.678,610.6852,641.1798152448443,644.1582483586867,679.2295901082251,659.5953454942119,679.2295901082251
2015-02-06 08:32:00,673.655,637.495,616.689,634.3832628515627,637.3460839705717,686.6933118928162,678.9443770891401,686.6933118928158
2015-02-06 08:33:00,683.485,643.458,625.2718,653.8902202376817,653.7603838016605,688.6831990047629,693.2712243345982,688.683199004763
2015-02-06 08:34:00,684.9,642.427,630.6745999999999,656.5223606027844,656.9662875405921,689.0122583942104,696.5415488915996,689.0122583942106
2015-02-06 08:35:00,672.138,634.054,634.9563999999999,645.0384099671676,647.4637477709028,680.0339625198418,678.9443770891401,680.0339625198417
2015-02-06 08:36:00,674.94,649.762,638.0224000000001,662.8626541550365,662.1887590715828,683.6157681175898,703.3723447997093,683.6157681175899
2015-02-06 08:37:00,681.921,648.585,641.4392,651.8369638326195,652.6223114199095,682.5045452456477,695.0841265078469,682.5045452456476
2015-02-06 08:38:00,684.136,656.384,643.6572,665.5907818020786,667.400869329333,683.5861313242742,703.3723447997093,683.5861313242742
2015-02-06 08:39:00,691.239,669.38,646.2424000000001,673.3636816812646,674.8158761436057,685.9661431130846,703.3723447997093,685.9661431130847
2015-02-06 08:40:00,677.545,671.771,651.633,678.7872743606791,678.0522862971068,687.3093479688208,704.6627889873906,687.3093479688208
2015-02-06 08:41:00,703.887,681.976,659.1764000000001,688.9222781946993,688.8353876865675,688.8218287260887,715.0061042376727,688.8218287260887
2015-02-06 08:42:00,727.191,679.947,665.6191999999999,681.5034634094446,682.6104317009858,685.3368156708833,711.7357796806713,685.3368156708833
2015-02-06 08:43:00,734.527,682.623,671.8915999999999,694.1243956692758,696.496566657218,691.7273734845428,715.0061042376727,691.7273734845431
2015-02-06 08:44:00,732.582,680.914,677.1393999999999,646.0357201246995,647.7797823617055,689.7064514330906,680.8059216237787,689.7064514330906
2015-02-06 08:45:00,743.934,674.767,679.4462000000001,655.0564435706822,656.3290004336205,689.3846802293867,686.3508517329386,689.3846802293867
2015-02-06 08:46:00,740.754,681.906,680.0454,661.2725679647157,662.6560782970071,695.8383171728967,690.6991930564192,695.8383171728968
2015-02-06 08:47:00,730.736,673.655,680.0314000000001,669.3238995659256,669.6751186424323,694.0566832197856,690.1977761502885,694.0566832197856
2015-02-06 08:48:00,749.131,683.485,678.773,679.3322431669421,679.2171080863654,693.604249584206,694.7506260644496,693.6042495842058
2015-02-06 08:49:00,752.882,684.9,678.9454,666.7372737571345,666.6369612850558,694.5634671043541,685.7016388967088,694.5634671043542
2015-02-06 08:50:00,761.283,672.138,679.7425999999999,661.7977859922191,661.1886256764946,693.8624425093195,692.5660216437263,693.8624425093196
2015-02-06 08:51:00,763.389,674.94,679.2167999999999,674.3624407704057,674.0907132757317,694.9291363466825,692.5660216437263,694.9291363466826
2015-02-06 08:52:00,768.352,681.921,677.8236,703.574153184492,702.798905234513,693.3539226528409,717.950949591459,693.3539226528407
2015-02-06 08:53:00,769.614,684.136,679.4768,693.7608640196195,696.2142697603633,703.9140111551812,721.8515121142345,703.9140111551811
2015-02-06 08:54:00,757.77,691.239,679.6070000000001,705.0145436917436,708.1758064484035,707.4126315527277,734.1819727454589,707.4126315527276
2015-02-06 08:55:00,756.287,677.545,680.8748,691.8498415864649,692.1652720986891,704.9263258950751,726.0144436945684,704.9263258950749
2015-02-06 08:56:00,754.662,703.887,681.9562,717.4286930723305,716.1433437555621,711.8602222666013,742.8799547035894,711.8602222666013
2015-02-06 08:57:00,753.843,727.191,687.7456,724.997261861422,724.178464025177,712.8285082788864,736.8601269174134,712.8285082788865
2015-02-06 08:58:00,755.942,734.527,696.7996,730.4335315385578,729.006023463564,714.6544114206663,733.2122570572944,714.6544114206663
2015-02-06 08:59:00,758.913,732.582,706.8778,690.0423252020171,692.0470242811635,714.1623670729264,692.9437443056088,714.1623670729264
2015-02-06 09:00:00,757.406,743.934,715.1464,693.9926864898273,698.4320056700321,740.2072568537158,705.3395820441457,740.2072568537156
2015-02-06 09:01:00,761.477,740.754,728.4242,691.8698442122715,694.613115062482,743.9720472036466,727.3009569265763,743.9720472036465
2015-02-06 09:02:00,775.184,730.736,735.7976000000001,728.1981624774742,728.9992163690367,723.0856299164712,757.170101339412,723.0856299164711
2015-02-06 09:03:00,791.614,749.131,736.5065999999999,745.3858444326855,744.2332137652721,753.6242582544633,769.5659390779489,753.6242582544631
2015-02-06 09:04:00,792.883,752.882,739.4273999999999,747.0245420366002,745.6692521156704,755.996312987369,768.676389311772,755.9963129873692
2015-02-06 09:05:00,788.472,761.283,743.4874,752.0090428478843,753.1055221215855,755.770647216672,770.2189605895064,755.7706472166719
2015-02-06 09:06:00,799.897,763.389,746.9572,748.332744630094,749.2449891221117,756.9433066150148,768.4185222112538,756.9433066150148
2015-02-06 09:07:00,798.808,768.352,751.4842,750.4088313298577,752.0507801267892,757.936503865587,765.6528105271879,757.936503865587
2015-02-06 09:08:00,806.376,769.614,759.0074,753.1388568322656,753.0334813999063,761.0726324799912,753.2430654887821,761.0726324799912
2015-02-06 09:09:00,810.478,757.77,763.104,750.3593598713126,751.461666019293,769.2602745723651,768.4185222112538,769.260274572365
2015-02-06 09:10:00,795.966,756.287,764.0816,751.093853563622,752.0872093703571,771.8750079435772,768.4185222112538,771.8750079435772
2015-02-06 09:11:00,793.528,754.662,763.0824,751.2392269112079,753.2689943341733,772.0974835632353,769.7396044146149,772.0974835632353
2015-02-06 09:12:00,802.281,753.843,761.337,752.1346997584334,754.8822083090267,776.1266904777235,769.7396044146149,776.1266904777235
2015-02-06 09:13:00,797.96,755.942,758.4352000000001,751.8488698919907,753.187841948617,776.488285588054,781.2294495192513,776.4882855880543
2015-02-06 09:14:00,806.561,758.913,755.7008,759.5334221808921,762.2997202244244,785.6385098685965,783.9951612033173,785.6385098685967
2015-02-06 09:15:00,796.74,757.406,755.9294,765.742836809467,767.7021973237141,787.5659538551729,783.9951612033173,787.5659538551731
2015-02-06 09:16:00,792.284,761.477,756.1532,765.0167289156749,766.8412694677955,787.7393796885061,783.9951612033173,787.7393796885063
2015-02-06 09:17:00,786.025,775.184,757.5162,775.79324459782,777.450423973898,782.6409269015475,799.7154848132109,782.6409269015476
2015-02-06 09:18:00,788.689,791.614,761.7844,786.325127488209,786.2634864249236,788.8120261469884,824.7452371509452,788.8120261469885
2015-02-06 09:19:00,784.475,792.883,768.9187999999999,792.5163526109144,791.3575766219274,781.7583092431053,806.7682238390803,781.758309243105
2015-02-06 09:20:00,787.117,788.472,775.7128,771.4976966747271,773.70953609871,786.9592615813054,808.1159181405096,786.9592615813052
2015-02-06 09:21:00,791.552,799.897,781.926,784.9457819359588,788.0727610397131,787.7898195491417,815.003156571119,787.7898195491414
2015-02-06 09:22:00,786.138,798.808,789.61,788.1826303061591,789.3337028292608,786.2471567785319,822.1086473287298,786.2471567785318
2015-02-06 09:23:00,793.552,806.376,794.3348,806.1033396349487,805.2843509769239,781.0126516617788,815.6026371314318,781.0126516617786
2015-02-06 09:24:00,790.214,810.478,797.2872,795.6969800137466,795.150797690643,779.2800578974128,811.1698766428069,779.2800578974128
2015-02-06 09:25:00,779.923,795.966,800.8062,756.0540269326051,754.1989408016942,768.3096061117965,797.4710738693026,768.3096061117965
2015-02-06 09:26:00,786.777,793.528,802.3050000000001,756.9955760197246,754.7207404197849,764.7039690843795,781.6026641592823,764.7039690843795
2015-02-06 09:27:00,782.982,802.281,801.0312,796.0034732053662,795.0921351875891,779.111115110821,805.5352518228774,779.1111151108208
2015-02-06 09:28:00,775.257,797.96,801.7257999999999,778.1242155337119,779.337163965413,779.2741701912304,808.2047719662976,779.2741701912304
2015-02-06 09:29:00,787.094,806.561,800.0426,793.514707638984,793.5745655733475,780.5872140031759,808.2047719662976,780.5872140031759
2015-02-06 09:30:00,782.323,796.74,799.2592,783.4007402847159,783.1200628670515,780.3442438552513,811.8270499461179,780.3442438552514
2015-02-06 09:31:00,768.711,792.284,799.414,790.5039245573946,789.502737315296,779.9624606283219,811.8270499461179,779.9624606283217
2015-02-06 09:32:00,751.213,786.025,799.1652,774.146328548498,775.3886836000997,788.0408671755948,820.712761873464,788.0408671755948
2015-02-06 09:33:00,760.186,788.689,795.914,765.3999971351413,767.8459873917591,786.6126734981765,816.6910676820595,786.6126734981768
2015-02-06 09:34:00,762.517,784.475,794.0598,773.5989109632636,775.5179184478595,792.0308017502796,825.4807233294376,792.0308017502795
2015-02-06 09:35:00,750.706,787.117,789.6426,776.1977346801044,778.7395016909537,791.3803077027645,825.4807233294376,791.3803077027643
2015-02-06 09:36:00,746.884,791.552,787.718,768.9291293585705,771.2984982031719,780.6864546284761,818.5934848988283,780.686454628476
2015-02-06 09:37:00,747.822,786.138,787.5716,773.9350353547943,776.0757762169344,787.7477438028865,825.4807233294376,787.7477438028867
2015-02-06 09:38:00,748.667,793.552,787.5942,780.292098823694,781.9307556320842,785.7410625934884,825.4807233294376,785.7410625934884
2015-02-06 09:39:00,749.735,790.214,788.5668000000001,780.676423751209,782.2567521672329,786.2383985955596,825.4807233294376,786.2383985955597
2015-02-06 09:40:00,750.977,779.923,789.7146,763.5313137025358,765.883282627156,787.414570932969,818.5934848988283,787.4145709329691
2015-02-06 09:41:00,744.138,786.777,788.2758000000001,770.5774878012087,774.160423323102,791.9227975439142,825.4807233294376,791.9227975439139
2015-02-06 09:42:00,747.024,782.982,787.3208000000001,773.7168384187487,775.4123183877223,792.9388601807144,825.4807233294376,792.9388601807142
2015-02-06 09:43:00,770.476,775.257,786.6896,760.8722283955799,763.556564034836,795.6566805339739,823.1989533556704,795.6566805339737
2015-02-06 09:44:00,751.72,787.094,783.0306,776.3960284257413,778.7553064221503,799.22198704979,825.5725874718933,799.2219870497897
2015-02-06 09:45:00,764.381,782.323,782.4066,732.275956476556,732.9143236508437,774.3117851691636,803.1415769934046,774.3117851691635
2015-02-06 09:46:00,762.531,768.711,782.8866,737.1342471163131,737.6878820778335,784.1787137375069,786.2688913635951,784.1787137375072
2015-02-06 09:47:00,763.998,751.213,779.2733999999999,710.3387404733329,711.0982582563126,782.4288159884653,779.6367548614277,782.4288159884652
2015-02-06 09:48:00,766.714,760.186,772.9196,716.6950095357709,716.7048955581819,783.1121488939274,764.3648690127097,783.1121488939275
2015-02-06 09:49:00,772.905,762.517,769.9054,723.241788447664,723.4145993926227,780.732240492545,764.3648690127097,780.7322404925452
2015-02-06 09:50:00,768.535,750.706,764.99,709.7228328687618,708.563337466566,780.5850536760626,764.3648690127097,780.5850536760626
2015-02-06 09:51:00,761.272,746.884,758.6666,735.0443955722624,734.8410716042696,781.7053352088791,774.1336436497651,781.7053352088791
2015-02-06 09:52:00,756.974,747.822,754.3012000000001,746.197042756682,745.0036445279078,782.3104027022654,783.7865937644405,782.3104027022655
2015-02-06 09:53:00,759.962,748.667,753.6229999999999,732.138665741233,732.8345236434812,787.4877320011659,753.8051161605457,787.4877320011659
2015-02-06 09:54:00,764.63,749.735,751.3192000000001,745.2102731819876,744.0125812487966,787.2700939588378,783.7865937644405,787.2700939588378
2015-02-06 09:55:00,759.718,750.977,748.7628000000001,748.9762156866241,750.6518532626308,783.4744687625797,782.5836036160487,783.47446876258
2015-02-06 09:56:00,755.114,744.138,748.817,722.9577219960089,724.8654440464275,776.9953633031784,741.4937109607413,776.9953633031781
2015-02-06 09:57:00,746.589,747.024,748.2678,736.2921521718087,739.1174547515329,785.1929917547267,783.4279187941981,785.1929917547266
2015-02-06 09:58:00,758.395,770.476,748.1081999999999,748.5640965981538,752.6513799167557,792.9040607956423,770.4362038672075,792.9040607956423
2015-02-06 09:59:00,774.878,751.72,752.47,746.475794120041,745.7227302635301,786.5716209232625,773.755301619502,786.5716209232625
2015-02-06 10:00:00,800.889,764.381,752.867,757.2274466195354,757.2603625754033,785.3905179189544,773.755301619502,785.3905179189546
2015-02-06 10:01:00,806.51,762.531,755.5478,754.2742292966777,754.5837867601825,785.0011095461576,773.5461795756856,785.0011095461579
2015-02-06 10:02:00,821.076,763.998,759.2264,751.7617622061176,753.9728979371533,781.6399800246727,778.3141410316592,781.6399800246728
2015-02-06 10:03:00,813.145,766.714,762.6212,737.5689664245386,742.6513485025404,773.2040502075173,737.2242483763519,773.2040502075174
2015-02-06 10:04:00,813.476,772.905,761.8688,752.3695820232349,755.7625518189361,791.9560776925632,773.6200763399213,791.9560776925633
2015-02-06 10:05:00,823.354,768.535,766.1057999999999,752.082637455836,753.6347265496488,778.5849400064203,773.755301619502,778.5849400064203
2015-02-06 10:06:00,839.132,761.272,766.9366,711.736485213461,712.6274678659663,766.5654839597568,723.4129403535561,766.5654839597568
2015-02-06 10:07:00,840.006,756.974,766.6848,714.0677887911156,714.5766436092148,773.7943057502973,727.4821677965257,773.7943057502973
2015-02-06 10:08:00,848.941,759.962,765.28,715.8748494019591,717.1755912486569,774.4371871657133,732.6654089641946,774.4371871657132
2015-02-06 10:09:00,857.554,764.63,763.9296,719.2637129119632,720.4701018941522,773.2537470322967,732.6654089641946,773.2537470322966
2015-02-06 10:10:00,854.998,759.718,762.2746000000001,708.4136040209493,710.1986531474067,772.544373712157,734.442079346558,772.5443737121572
2015-02-06 10:11:00,855.866,755.114,760.5112,712.0449197595932,713.0450729731091,774.0416169264429,742.4074895440208,774.0416169264427
2015-02-06 10:12:00,875.008,746.589,759.2796000000001,703.5152718574237,703.8466618685387,773.7748918820919,742.6343968699017,773.7748918820918
2015-02-06 10:13:00,873.047,758.395,757.2026,720.2051944396385,720.8676465302599,773.2975352558133,741.2706987174225,773.2975352558133
2015-02-06 10:14:00,864.312,774.878,756.8892,751.7508858597914,755.2318783878397,810.2749246815818,796.8619795791379,810.2749246815821
2015-02-06 10:15:00,865.382,800.889,758.9388,772.800620840904,773.3030358273766,807.8910229661765,799.1437495529052,807.8910229661768
2015-02-06 10:16:00,857.436,806.51,767.173,768.2509932670624,767.1676327804907,800.946796378875,785.2637513026988,800.9467963788751
2015-02-06 10:17:00,868.022,821.076,777.4522,773.1914574092019,775.2154030776221,806.5485612651046,784.4749436089287,806.5485612651048
2015-02-06 10:18:00,880.963,813.145,792.3496,783.2409267924766,785.8924459046231,802.6649151676127,792.1945733780406,802.6649151676125
2015-02-06 10:19:00,888.973,813.476,803.2996,790.2901598158733,793.4825233500387,805.8827119579953,799.3000641356514,805.8827119579952
2015-02-06 10:20:00,887.338,823.354,811.0192,806.7589775878639,806.84667491142,808.1072394702555,797.4067086905718,808.1072394702556
2015-02-06 10:21:00,887.287,839.132,815.5122,806.7094714845567,808.2274291469691,806.1354200694493,830.8752315819694,806.1354200694494
2015-02-06 10:22:00,894.525,840.006,822.0366,808.6604752360693,808.5886479312721,803.2111435545751,820.0117989028723,803.2111435545752
2015-02-06 10:23:00,886.73,848.941,825.8226000000001,810.8306350925918,810.9969484889222,804.7055063695102,823.1169478833583,804.7055063695101
2015-02-06 10:24:00,890.111,857.554,832.9817999999999,825.620022191362,825.9636400005971,813.6737763549273,826.5358128772424,813.6737763549273
2015-02-06 10:25:00,895.72,854.998,841.7974,827.3334889811628,827.7450747892801,820.5140898716919,826.5358128772424,820.5140898716919
2015-02-06 10:26:00,889.763,855.866,848.1262,831.8726398127454,831.027319527471,824.2036840960569,826.5358128772424,824.2036840960567
2015-02-06 10:27:00,877.845,875.008,851.473,848.6597426409535,849.5820251790756,831.3229567071523,823.9311100585605,831.3229567071522
2015-02-06 10:28:00,880.483,873.047,858.4734000000001,853.1116846154329,851.4065719360449,828.6659940150054,824.570613237685,828.6659940150053
2015-02-06 10:29:00,880.784,864.312,863.2946,844.7775749402185,844.9249212940725,825.0938494252889,824.570613237685,825.0938494252886
2015-02-06 10:30:00,892.152,865.382,864.6461999999999,846.1068439321275,846.7533066452384,825.4222845975946,824.570613237685,825.4222845975946
2015-02-06 10:31:00,897.972,857.436,866.723,835.3397526896217,836.8068073160454,825.5864297380808,824.570613237685,825.5864297380807
2015-02-06 10:32:00,905.809,868.022,867.037,853.8837449199501,856.2823576092266,824.4823875341026,824.570613237685,824.4823875341025
2015-02-06 10:33:00,912.737,880.963,865.6398000000002,854.868650305488,857.8281908053036,878.9251536793086,839.2141422514026,878.9251536793089
2015-02-06 10:34:00,906.338,888.973,867.223,869.0457918169265,869.2148402764003,887.4164029147121,835.6486665553665,887.4164029147122
2015-02-06 10:35:00,891.526,887.338,872.1551999999999,858.0584555808625,860.1971222722483,888.1016196393763,831.3268004372037,888.1016196393763
2015-02-06 10:36:00,889.01,887.287,876.5464,868.4650913530384,871.666244419453,886.5126231267806,831.3268004372037,886.5126231267808
2015-02-06 10:37:00,896.209,894.525,882.5165999999999,880.3964513915661,883.4946684438083,889.1693995156695,830.7618670221183,889.1693995156696
2015-02-06 10:38:00,904.091,886.73,887.8172000000001,875.7767350377316,877.1091067903268,901.7414888690475,830.7618670221183,901.7414888690475
2015-02-06 10:39:00,900.752,890.111,888.9706,875.6319107170748,875.519741387804,901.6050753849903,830.7618670221183,901.6050753849901
2015-02-06 10:40:00,897.081,895.72,889.1982,857.9249143084132,856.4704417506829,906.4709889277252,852.614642099186,906.4709889277251
2015-02-06 10:41:00,901.14,889.763,890.8745999999999,846.6261565752457,845.7270839725409,918.67826001033,851.579858071892,918.67826001033
2015-02-06 10:42:00,893.709,877.845,891.3698,840.9284330568669,839.3444692538792,889.25720614528,840.1858131267836,889.2572061452798
2015-02-06 10:43:00,900.312,880.483,888.0337999999999,844.7066529492377,842.7949314862251,908.4180369234087,854.1845608905738,908.4180369234089
2015-02-06 10:44:00,901.592,880.784,886.7844000000001,857.7948898587451,857.4727556598648,911.8364707938056,846.5991155794856,911.8364707938058
2015-02-06 10:45:00,917.781,892.152,884.9190000000001,860.2736594541415,860.7603266449439,907.0870935389738,846.5991155794856,907.0870935389739
2015-02-06 10:46:00,919.898,897.972,884.2054,884.6299809292568,884.9748532202584,901.5004149273055,851.4514335520548,901.5004149273055
2015-02-06 10:47:00,913.008,905.809,885.8471999999999,869.748531949669,869.1912817158691,923.9635489368551,860.866445345465,923.9635489368552
2015-02-06 10:48:00,911.345,912.737,891.4399999999999,876.851183662123,876.4766236510659,927.6289837556426,866.45273139875,927.6289837556427
2015-02-06 10:49:00,883.595,906.338,897.8907999999999,868.4542335658423,868.9831504388745,928.3922080825657,860.866445345465,928.3922080825657
2015-02-06 10:50:00,868.261,891.526,903.0015999999999,869.0171257804301,869.0411721664819,920.802753640601,846.5991155794856,920.8027536406012
2015-02-06 10:51:00,864.412,889.01,902.8763999999999,856.3864439841642,857.9473609008323,918.8231146699262,846.5991155794856,918.8231146699262
2015-02-06 10:52:00,848.313,896.209,901.0840000000001,851.4851248628487,853.5943753166512,923.9844771394651,862.1903602524442,923.984477139465
2015-02-06 10:53:00,847.756,904.091,899.164,861.8776539485527,864.0245141907151,924.8946517084307,860.866445345465,924.8946517084304
2015-02-06 10:54:00,834.851,900.752,897.4348,860.3412654978284,863.2829243123159,929.3837544196065,860.866445345465,929.3837544196062
2015-02-06 10:55:00,838.539,897.081,896.3176,849.3267151759776,850.6478020050907,927.9033092492496,868.4518906565532,927.9033092492492
2015-02-06 10:56:00,836.99,901.14,897.4286,863.8833964896294,865.0363784976365,928.2262064714719,860.866445345465,928.2262064714715
2015-02-06 10:57:00,845.096,893.709,899.8546,860.1978618631907,861.0763706016046,917.6882859363611,846.5991155794856,917.6882859363609
2015-02-06 10:58:00,844.751,900.312,899.3546,868.7581728397415,871.0015351281697,925.0531145527972,860.866445345465,925.0531145527968
2015-02-06 10:59:00,840.06,901.592,898.5988,855.4622001551426,858.7239132829693,926.8832996773182,860.866445345465,926.8832996773178
2015-02-06 11:00:00,830.925,917.781,898.7668,876.5268404137169,879.0483048805377,927.2617160265247,865.265117610264,927.2617160265243
2015-02-06 11:01:00,835.861,919.898,902.9068,857.9364888469993,856.0965880920828,922.6579903952993,872.8505629213523,922.657990395299
2015-02-06 11:02:00,846.706,913.008,906.6583999999999,843.8257395817816,843.2921643599295,923.0627112500003,870.2428620242454,923.06271125
2015-02-06 11:03:00,854.676,911.345,910.5182000000001,842.1380039105694,842.0486071139896,922.9658370833336,870.2428620242454,922.9658370833331
2015-02-06 11:04:00,862.154,883.595,912.7248,818.7898955806982,819.9894908186654,909.6799166410691,854.1845608905738,909.6799166410688
2015-02-06 11:05:00,864.147,868.261,909.1254000000001,801.658275782386,808.9103967714195,845.7960788088451,839.8764893578608,845.7960788088448
2015-02-06 11:06:00,875.773,864.412,899.2214,821.6513832682006,827.7857008223593,823.8790610329658,832.2910440467725,823.8790610329656
2015-02-06 11:07:00,871.165,848.313,888.1242,778.6540557916821,780.5291934188947,839.860345228272,834.5519250238199,839.8603452282717
2015-02-06 11:08:00,871.336,847.756,875.1852000000001,813.4058351643866,811.4076174317917,817.9647286898743,831.7797262116189,817.9647286898742
2015-02-06 11:09:00,869.126,834.851,862.4673999999999,805.7506842282389,804.5778153264512,798.9526897507072,822.3647144182088,798.9526897507072
2015-02-06 11:10:00,853.61,838.539,852.7185999999999,811.7783513184705,812.4707857943655,798.6921070076086,822.3647144182088,798.6921070076086
2015-02-06 11:11:00,840.997,836.99,846.7742000000001,821.8585434929258,820.1820564992913,798.7551608288094,822.3647144182088,798.7551608288093
2015-02-06 11:12:00,835.661,845.096,841.2897999999999,826.6911845682761,827.3074721347258,794.9396520094123,822.3647144182088,794.9396520094124
2015-02-06 11:13:00,834.12,844.751,840.6464,829.5586605386355,830.566832444345,797.5082965861319,822.3647144182088,797.5082965861319
2015-02-06 11:14:00,835.679,840.06,840.0454,823.9725281735199,825.5740509019583,797.0349640923977,822.3647144182088,797.0349640923977
2015-02-06 11:15:00,828.551,830.925,841.0871999999999,810.4777690291464,812.8214197389667,795.44689905329,818.0147106729743,795.4468990532902
2015-02-06 11:16:00,810.319,835.861,839.5644,809.6217201668061,814.7855566984392,798.2342506079414,822.3647144182088,798.2342506079414
2015-02-06 11:17:00,808.987,846.706,839.3386,819.7871696765003,826.7369547771566,795.7882189244917,822.3647144182088,795.788218924492
2015-02-06 11:18:00,805.459,854.676,839.6605999999999,819.902839049915,829.4597122061521,797.5482757985899,825.7835794120929,797.54827579859
2015-02-06 11:19:00,802.568,862.154,841.6456000000001,830.6915891672003,834.6810004874192,797.6134646214338,822.8760322533624,797.613464621434
2015-02-06 11:20:00,806.277,864.147,846.0644,842.5653168928288,842.9014551458424,799.105832971602,822.8760322533624,799.1058329716022
2015-02-06 11:21:00,797.051,875.773,852.7088,849.352213634453,851.0525262804795,806.781173897528,822.8760322533624,806.7811738975282
2015-02-06 11:22:00,788.595,871.165,860.6912,847.3398345090471,849.3647564023606,803.6465304222916,822.8760322533624,803.6465304222919
2015-02-06 11:23:00,800.836,871.336,865.583,823.7810112879934,825.0676134188834,819.8544734206337,830.4614775644507,819.8544734206336
2015-02-06 11:24:00,783.747,869.126,868.915,797.3268937855852,799.3593907679976,821.6093767907056,825.7431318175331,821.6093767907054
2015-02-06 11:25:00,773.098,853.61,870.3094000000001,806.029343484087,806.4476279603236,822.0939131199447,830.4614775644507,822.0939131199447
2015-02-06 11:26:00,783.183,840.997,868.202,788.7910163420651,792.7072987286485,816.8420048064527,825.1369132304097,816.8420048064527
2015-02-06 11:27:00,788.019,835.661,861.2467999999999,770.6721823568005,776.165185470109,806.1086304484803,823.3037673785998,806.1086304484802
2015-02-06 11:28:00,780.351,834.12,854.146,784.3065621309674,786.932848894017,805.4505189825971,825.1369132304097,805.4505189825973
2015-02-06 11:29:00,781.525,835.679,846.7028,767.5044150957203,767.3600539824048,801.5147561258156,820.4185674834922,801.5147561258153
2015-02-06 11:30:00,775.227,828.551,840.0134,776.3061861052417,775.9693422046693,797.5290630192376,820.7869094851752,797.5290630192376
2015-02-06 11:31:00,762.187,810.319,835.0015999999999,765.3031481059174,765.9484110424983,779.7055681339455,778.5952151273417,779.7055681339458
2015-02-06 11:32:00,758.873,808.987,828.866,764.2516654991115,766.2001792519693,778.0099418881107,780.6703709475697,778.0099418881111
2015-02-06 11:33:00,781.061,805.459,823.5312,763.7368584268722,761.856348999884,773.7856476709389,781.5027622860722,773.7856476709392
2015-02-06 11:34:00,773.603,802.568,817.799,787.6002477589695,786.1610270289759,771.3965052269809,783.1818403663231,771.3965052269813
2015-02-06 11:35:00,760.466,806.277,811.1768,794.0992312847885,791.959752349701,770.9952848499967,783.1818403663231,770.9952848499972
2015-02-06 11:36:00,752.54,797.051,806.722,763.5356990377077,763.4326622623216,771.0176727459906,777.6852283407969,771.0176727459909
2015-02-06 11:37:00,763.276,788.595,804.0684,746.4011702910316,747.2136109669746,763.982393929772,777.6852283407969,763.9823939297725
2015-02-06 11:38:00,760.076,800.836,799.99,765.0904736266153,767.3944077796637,765.0746602301384,777.6852283407969,765.0746602301385
2015-02-06 11:39:00,751.365,783.747,799.0654,757.5556226290786,760.6717475445857,768.8230189655936,777.6852283407969,768.8230189655937
2015-02-06 11:40:00,748.392,773.098,795.3012000000001,729.0086806764643,731.0993843679486,762.1549682596459,770.6851126201121,762.1549682596458
2015-02-06 11:41:00,736.521,783.183,788.6654000000001,756.9080337763191,756.7835303386271,769.1965730149237,779.5221076447419,769.1965730149238
2015-02-06 11:42:00,745.901,788.019,785.8918,749.8230007870285,748.1201138720095,768.1748262493195,777.6852283407969,768.1748262493197
2015-02-06 11:43:00,753.138,780.351,785.7765999999999,751.2571648819135,752.026811637115,769.2245855045089,776.8528370022945,769.2245855045089
2015-02-06 11:44:00,748.628,781.525,781.6796,746.8767774012109,749.6935067508059,774.0572540062607,777.2115895126393,774.0572540062608
2015-02-06 11:45:00,746.596,775.227,781.2351999999998,753.9003703548242,755.021395164996,775.9643762264529,771.2559205564389,775.9643762264529
2015-02-06 11:46:00,748.375,762.187,781.661,746.6401303353075,745.9330943425014,760.9271467435924,762.8700728209795,760.927146743593
2015-02-06 11:47:00,751.417,758.873,777.4618,736.0653399416534,737.3622697544196,765.0524465301044,747.2403531455634,765.0524465301045
2015-02-06 11:48:00,740.575,781.061,771.6326,738.8603119746069,740.1318484355667,772.4472280778401,759.0304353862073,772.4472280778398
2015-02-06 11:49:00,729.408,773.603,771.7746,739.5878682339974,742.2844763753963,778.5780047977532,755.6262008810228,778.578004797753
2015-02-06 11:50:00,716.659,760.466,770.1902,732.7720430605632,733.7959567005194,763.7558890812473,747.2403531455634,763.7558890812473
2015-02-06 11:51:00,719.62,752.54,767.238,736.9527112075258,733.6288488877348,762.1758093530588,747.2403531455634,762.1758093530589
2015-02-06 11:52:00,731.073,763.276,765.3086000000001,741.8716939957253,739.3141307669102,760.7011213688306,743.7405648409673,760.7011213688309
2015-02-06 11:53:00,712.288,760.076,766.1892,741.6017102198725,741.6197960153027,763.0428926015333,746.6008499664389,763.0428926015333
2015-02-06 11:54:00,715.709,751.365,761.9921999999999,743.453279142124,740.536869316919,757.5108342683685,724.7797680455598,757.5108342683687
2015-02-06 11:55:00,723.721,748.392,757.5446,761.0156401582333,760.7094288835274,752.0133882786008,743.8858469516182,752.0133882786012
2015-02-06 11:56:00,724.099,736.521,755.1297999999999,747.7029958864894,746.7524369413055,732.3549056293244,731.4900092130813,732.3549056293248
2015-02-06 11:57:00,726.612,745.901,751.926,749.4673457926496,750.8533100067436,749.6027027463584,742.6194825838271,749.6027027463584
2015-02-06 11:58:00,713.164,753.138,748.451,766.0271524604934,765.1793672617922,750.8005103512907,742.6194825838271,750.8005103512904
2015-02-06 11:59:00,711.978,748.628,747.0634,763.9694348271454,764.6273131320087,750.1811210060524,742.6194825838271,750.1811210060525
2015-02-06 12:00:00,689.525,746.596,746.5160000000001,758.7308727450893,759.5366093929122,745.6918494819641,742.6194825838271,745.6918494819641
2015-02-06 12:01:00,693.271,748.375,746.1568,742.9180488671507,745.4147632122078,736.6656900685047,723.3998633298798,736.6656900685044
2015-02-06 12:02:00,683.81,751.417,748.5276,751.180395428862,752.827628099126,734.9971765812675,733.0528134445552,734.9971765812671
2015-02-06 12:03:00,677.672,740.575,749.6308,721.2491477969032,722.7191352189782,694.4889020916627,696.4096173612179,694.488902091662
2015-02-06 12:04:00,675.435,729.408,747.1182000000001,703.986457116618,705.7466479309919,684.610551880318,696.4096173612179,684.6105518803179
2015-02-06 12:05:00,682.258,716.659,743.2742000000001,703.9678269364739,704.4324748541683,683.2459551903885,687.7072324403116,683.2459551903883
2015-02-06 12:06:00,680.472,719.62,737.2868000000001,730.4335476466581,731.7619734618238,711.0912914958968,714.4284507024533,711.0912914958967
2015-02-06 12:07:00,677.128,731.073,731.5358,741.3473571873848,739.4146997649532,711.1087408962493,714.4284507024533,711.1087408962493
2015-02-06 12:08:00,678.165,712.288,727.467,731.6077184478085,730.1947475967297,711.3455865153215,720.2941779345205,711.3455865153214
2015-02-06 12:09:00,669.535,715.709,721.8096,735.2949703036619,733.9735806272801,710.7228699240272,713.7619955541417,710.7228699240272
2015-02-06 12:10:00,664.901,723.721,719.0698,737.0117464547795,732.9739018538668,705.2910519793883,714.4284507024533,705.291051979388
2015-02-06 12:11:00,662.455,724.099,720.4821999999999,737.5153820106866,736.1663111198562,711.6950844534286,714.4284507024533,711.6950844534288
2015-02-06 12:12:00,662.582,726.612,721.3779999999999,737.2742359463916,737.3016421062507,709.9944782431111,720.6569757060183,709.9944782431114
2015-02-06 12:13:00,659.982,713.164,720.4858,695.6476247040521,694.987402247365,675.5055688342151,682.8396465418277,675.5055688342151
2015-02-06 12:14:00,662.026,711.978,720.661,689.4560264866037,689.1047698689016,674.796112463376,682.2172823646026,674.7961124633756
2015-02-06 12:15:00,656.585,689.525,719.9148,683.9270375149925,684.4706171794572,676.3670364758403,679.3350979499876,676.3670364758402
2015-02-06 12:16:00,671.51,693.271,713.0756,676.8944901380397,679.2800569323424,679.7312330998219,685.3728805330884,679.7312330998219
2015-02-06 12:17:00,677.157,683.81,706.91,679.7123033525512,679.3959266531106,678.848742108382,681.8683319412482,678.8487421083817
2015-02-06 12:18:00,686.46,677.672,698.3495999999999,670.7572591964354,669.7321682177466,679.0875673154975,679.6837275205249,679.0875673154975
2015-02-06 12:19:00,682.149,675.435,691.2511999999999,671.1195196376891,666.8141275214506,678.7645595608493,670.4262842586513,678.764559560849
2015-02-06 12:20:00,677.884,682.258,683.9426,678.7148362172907,677.2637229000622,674.8846564422087,672.152810508342,674.8846564422084
2015-02-06 12:21:00,685.338,680.472,682.4892,677.7364412393415,676.2306641711219,675.9117992863255,672.9852018468445,675.9117992863254
2015-02-06 12:22:00,679.64,677.128,679.9294,679.6937514470258,679.1851203033009,676.1418476515875,670.8005974261212,676.1418476515872
2015-02-06 12:23:00,666.189,678.165,678.5930000000001,664.1876614155472,664.2433930604857,674.4020061658128,670.178233248896,674.4020061658126
2015-02-06 12:24:00,665.036,669.535,678.6916,663.1307801501248,663.7600980685164,676.8003395389819,673.3338314173818,676.8003395389817
2015-02-06 12:25:00,665.532,664.901,677.5116,654.2630779873003,656.763955369275,678.2567134969669,673.3338314173818,678.2567134969668
2015-02-06 12:26:00,683.81,662.455,674.0402,663.9974403697172,666.4791000900725,676.2670608937101,667.0951325251399,676.26706089371
2015-02-06 12:27:00,689.506,662.582,670.4368000000001,655.9817080145311,659.2327205689022,675.0512412387658,666.2627411866374,675.0512412387656
2015-02-06 12:28:00,690.446,659.982,667.5276,657.3245238183385,657.8649207532821,674.7518770335926,664.1875853664094,674.7518770335925
2015-02-06 12:29:00,688.847,662.026,663.891,658.2136202511582,660.4665786870123,671.0144696299797,664.1875853664094,671.0144696299795
2015-02-06 12:30:00,690.555,656.585,662.3892,662.6332126459871,662.8755320372742,670.0248983309485,666.72081935767,670.0248983309486
2015-02-06 12:31:00,685.179,671.51,660.726,676.9403538141072,677.4894285664386,671.6476954767639,666.72081935767,671.647695476764
2015-02-06 12:32:00,679.694,677.157,662.537,672.1852492172557,669.6360622517276,669.7108703493233,664.1875853664094,669.7108703493235
2015-02-06 12:33:00,664.618,686.46,665.452,685.3896936287598,682.7085589892235,669.4408831563502,668.153076606148,669.4408831563503
2015-02-06 12:34:00,665.72,682.149,670.7476,679.5137716084438,678.303357415591,668.1849274129634,665.9468857663385,668.1849274129635
2015-02-06 12:35:00,662.646,677.884,674.7722000000001,671.5863210837034,671.282470166636,667.3980727515941,661.5610781064921,667.3980727515943
2015-02-06 12:36:00,654.989,685.338,679.032,676.2889583631049,674.6285190312852,667.8403880931429,663.7456825272154,667.840388093143
2015-02-06 12:37:00,648.723,679.64,681.7976,677.5695443886424,675.9347492682316,666.8385597618523,663.7456825272154,666.8385597618525
2015-02-06 12:38:00,634.477,666.189,682.2942,665.0610271228146,664.1975123060465,668.1448028139831,661.5610781064921,668.1448028139833
2015-02-06 12:39:00,642.095,665.036,678.24,655.495822219627,656.6706684268231,667.0167953174079,661.5610781064921,667.0167953174081
2015-02-06 12:40:00,629.667,665.532,674.8173999999999,657.7912707678254,656.8542523274255,663.8241460547646,661.5610781064921,663.8241460547648
2015-02-06 12:41:00,620.69,683.81,672.347,698.77947638543,697.5575390592279,691.789647026493,688.7751573394601,691.7896470264932
2015-02-06 12:42:00,610.029,689.506,672.0414,710.1198535028458,707.8524520112521,703.5058720135514,692.0454818964615,703.5058720135517
2015-02-06 12:43:00,593.483,690.446,674.0146000000001,706.58807040142,703.3115365569199,703.5455027850916,692.0454818964615,703.5455027850917
2015-02-06 12:44:00,587.348,688.847,678.866,695.513949590178,694.5605997016527,698.5286411999831,692.5608040603091,698.5286411999831
2015-02-06 12:45:00,586.171,690.555,683.6281999999999,700.8244324937153,703.5503667317149,709.6132806347944,695.8311286173106,709.6132806347946
2015-02-06 12:46:00,602.104,685.179,688.6328,670.9616868171809,670.8798528002192,674.0826496962952,676.7887725099381,674.0826496962956
2015-02-06 12:47:00,603.113,679.694,688.9066,667.844593319015,667.6390209343105,674.0826496962952,676.7887725099381,674.0826496962956
2015-02-06 12:48:00,604.83,664.618,686.9442,663.8246635054318,663.6892945014017,674.7092131216747,667.2541439786203,674.7092131216749
2015-02-06 12:49:00,590.919,665.72,681.7786,654.7947883230473,657.1001118071736,674.4872987587262,667.8799588186018,674.4872987587264
2015-02-06 12:50:00,590.322,662.646,677.1532,656.4937822844884,656.4797264198529,673.2770635060432,665.3467248273412,673.2770635060434
2015-02-06 12:51:00,577.369,654.989,671.5714,637.0909802547167,636.1965221172644,674.119541284886,664.7122547284869,674.1195412848863
2015-02-06 12:52:00,568.489,648.723,665.5334,640.6580162664384,639.5225028077156,673.8118479043667,665.3467248273412,673.811847904367
2015-02-06 12:53:00,577.487,634.477,659.3392,625.500869101868,627.0419455982294,662.9883927386288,661.622494191123,662.9883927386286
2015-02-06 12:54:00,584.062,642.095,653.3109999999999,627.1222291292164,628.5578571729671,693.0668305713012,668.7194042258924,693.0668305713012
2015-02-06 12:55:00,601.477,629.667,648.586,626.4497969342048,625.891213878639,673.794963281748,645.0733374351977,673.7949632817478
