created_at,anomaly_score,ph,TDS,water_level,DHT_temp,water_temp
2027-10-02 00:00:00,0.6069495384503001,5.87,827.54,2.0,23.4,18.5
2027-10-03 00:00:00,0.6296842019105664,5.87,817.48,2.0,23.4,21.52
2027-10-04 00:00:00,0.830588284452255,5.88,807.51,2.0,23.3,24.68
2027-10-04 01:00:00,0.558211096566365,5.87,807.1,2.0,23.4,21.1
2027-10-04 02:00:00,0.585654647256342,5.88,806.68,2.0,23.3,24.1
2027-10-05 00:00:00,0.6068120768009687,5.86,798.59,2.0,23.3,21.69
2027-10-06 00:00:00,0.5616916679089713,5.88,790.6,2.0,23.3,18.51
2027-10-07 00:00:00,0.5953350214498699,5.89,781.05,2.0,23.3,18.77
2027-10-08 00:00:00,0.5604405034899848,5.88,772.33,2.0,23.3,20.76
2027-10-09 00:00:00,0.5678702295001038,5.87,764.45,2.0,23.3,22.87
2027-10-10 00:00:00,0.5807077431301808,5.86,756.87,2.0,23.3,21.09
2027-10-11 00:00:00,0.7498256547720379,5.86,750.54,2.0,23.3,24.61
2027-10-12 00:00:00,0.6376688455732193,5.87,744.11,2.0,23.3,19.39
2027-10-13 00:00:00,0.6086266937500187,5.85,738.81,2.0,23.3,21.07
2027-10-14 00:00:00,0.6154985683718761,5.82,734.87,2.0,23.3,22.22
2027-10-15 00:00:00,0.5718391829588719,5.84,730.1,2.0,23.3,21.95
2027-10-16 00:00:00,0.6187897855605736,5.84,726.88,2.0,23.2,20.48
2027-10-17 00:00:00,0.5929681396882529,5.83,723.56,2.0,23.2,22.02
2027-10-18 00:00:00,0.6974452970630347,5.82,719.72,2.0,23.2,19.97
2027-10-19 00:00:00,0.5959678498526412,5.84,716.6,2.0,23.2,22.87
2027-10-20 00:00:00,0.5913889744451118,5.85,713.18,2.0,23.2,19.16
2027-10-21 00:00:00,0.5767610908139976,5.85,709.76,2.0,23.2,18.88
2027-10-22 00:00:00,0.5745751005620322,5.84,706.95,2.0,23.2,23.19
2027-10-23 00:00:00,0.6096663013398709,5.85,703.42,2.0,23.3,18.6
2027-10-24 00:00:00,0.6941708336203408,5.82,700.42,2.0,23.3,18.21
2027-10-25 00:00:00,0.838142297833408,5.81,698.03,2.0,23.2,18.73
2027-10-25 01:00:00,0.6124186515829907,5.81,697.61,2.0,23.3,23.65
2027-10-26 00:00:00,0.6385465349020155,5.85,694.71,2.0,23.3,22.97
2027-10-27 00:00:00,0.6266268161806756,5.8,693.05,2.0,23.2,20.31
2027-10-28 00:00:00,0.5996929300454467,5.81,690.45,2.0,23.2,20.07
2027-10-29 00:00:00,0.6119457498135753,5.8,688.27,2.0,23.2,18.05
2027-10-30 00:00:00,0.6351670937776118,5.79,686.09,2.0,23.2,23.98
2027-10-31 00:00:00,0.722301521530927,5.77,684.54,2.0,23.3,19.33
2027-11-01 00:00:00,0.9601707803008515,5.79,682.25,2.0,23.2,22.52
2027-11-01 01:00:00,0.7378193120279051,5.8,682.15,2.0,23.3,20.95
2027-11-01 02:00:00,0.7078770124144725,5.8,682.25,2.0,23.3,24.81
2027-11-01 03:00:00,0.6676152579727377,5.79,682.05,2.0,23.3,18.24
2027-11-01 04:00:00,0.5865661293050538,5.8,681.63,2.0,23.3,22.75
2027-11-02 00:00:00,0.739263693653177,5.77,680.39,2.0,23.3,23.67
2027-11-03 00:00:00,0.6903491245145321,5.78,678.1,2.0,23.3,20.1
2027-11-04 00:00:00,0.6589535883117109,5.8,672.91,2.0,23.2,22.12
2027-11-05 00:00:00,0.6270459631868098,5.82,666.48,2.0,23.2,23.17
2027-11-06 00:00:00,0.685314486218304,5.78,659.11,2.0,23.2,24.35
2027-11-07 00:00:00,0.6830124668335048,5.78,651.74,2.0,23.2,23.6
2027-11-08 00:00:00,0.7742389001957222,5.79,643.55,2.0,23.2,23.25
2027-11-09 00:00:00,0.6594556920173358,5.86,634.52,2.0,23.2,18.76
2027-11-10 00:00:00,0.6172924022639771,5.81,624.97,2.0,23.2,23.25
2027-11-11 00:00:00,0.6782840391138177,5.8,616.56,2.0,23.2,20.57
2027-11-12 00:00:00,0.6462444615544937,5.81,607.85,2.0,23.2,22.61
2027-11-12 02:00:00,0.5999934860343747,5.8,1406.7,2.0,23.2,21.54
2027-11-13 00:00:00,0.6027261130086525,5.81,1398.71,2.0,23.2,20.72
2027-11-13 01:00:00,0.6135694056968264,6.25,1385.02,2.0,23.2,20.52
2027-11-13 02:00:00,0.5637746188809138,6.19,1382.11,2.0,23.2,23.15
2027-11-14 00:00:00,0.5826588743682911,5.96,1371.52,2.0,23.2,20.97
2027-11-15 00:00:00,0.7652888793550094,5.89,1360.21,2.0,23.2,22.99
2027-11-15 03:00:00,0.6006591789882859,5.9,1358.34,2.0,23.3,20.69
2027-11-16 00:00:00,0.7155755450067327,5.84,1351.29,2.0,23.2,24.05
2027-11-17 00:00:00,0.6127735464458355,5.81,1346.62,2.0,23.2,19.79
2027-11-19 00:00:00,0.7471936924830286,5.83,1340.29,2.0,23.3,19.7
2027-11-20 00:00:00,0.5901245085603728,5.85,1337.69,2.0,23.2,22.87
2027-11-20 01:00:00,0.580911264582905,5.87,1337.49,2.0,23.3,24.34
2027-11-21 00:00:00,0.5965267251848058,5.85,1336.34,2.0,23.2,21.22
2027-11-22 00:00:00,0.7170120274557196,5.88,1333.85,2.0,23.2,21.53
2027-11-22 03:00:00,0.5574100862749107,5.89,1333.33,2.0,23.3,23.08
2027-11-23 00:00:00,0.584790174150347,5.9,1331.57,2.0,23.2,21.9
2027-11-24 00:00:00,0.5556027859301715,5.87,1328.56,2.0,23.2,21.1
2027-11-25 00:00:00,0.5481811295091406,5.89,1326.07,2.0,23.2,23.63
2027-11-26 00:00:00,0.6271725568652597,5.92,1524.41,2.0,23.1,23.48
2027-11-27 00:00:00,0.6237080520127777,5.91,1519.74,2.0,23.1,22.06
2027-11-28 00:00:00,0.6195571329683641,5.9,1514.24,2.0,23.1,23.45
2027-11-29 00:00:00,0.905098956724512,5.87,1507.18,2.0,23.2,23.4
2027-11-29 01:00:00,0.651747410935102,5.85,1506.87,2.0,23.1,19.52
2027-11-29 02:00:00,0.5668667750607972,5.85,1506.56,2.0,23.1,22.39
2027-11-29 03:00:00,0.5606901466002919,5.86,1506.15,2.0,23.1,24.09
2027-11-30 00:00:00,0.6561669057661458,5.87,1499.19,2.0,23.1,19.14
2027-12-01 00:00:00,0.7711446699659017,5.87,1492.65,2.0,23.1,20.8
2027-12-01 01:00:00,0.5758817721438072,5.86,1492.03,2.0,23.1,23.56
2027-12-01 02:00:00,0.5675881088909082,5.85,1491.82,2.0,23.1,21.64
2027-12-02 00:00:00,0.6228574012779993,5.89,1484.56,2.0,23.1,18.92
2027-12-03 00:00:00,0.6171172691848251,5.97,1475.95,2.0,23.1,19.2
2027-12-04 00:00:00,0.6781319723029746,5.96,1465.15,2.0,23.1,20.52
2027-12-05 00:00:00,0.6412476547040056,5.93,1457.37,2.0,23.0,22.2
2027-12-06 00:00:00,0.776222564414203,5.93,1450.62,2.0,23.0,20.54
2027-12-06 01:00:00,0.558419194355364,5.92,1450.21,2.0,23.0,24.09
2027-12-06 02:00:00,0.5500603239222184,5.93,1449.79,2.0,23.0,24.04
2027-12-07 00:00:00,0.6962399014264911,5.92,1444.29,2.0,23.0,19.83
2027-12-08 00:00:00,0.7061111808087278,5.92,1438.38,2.0,23.0,19.51
2027-12-09 00:00:00,0.6448318550960556,5.9,1434.33,2.0,23.0,19.72
2027-12-10 00:00:00,0.6220328057462006,5.91,1429.97,2.0,23.0,22.47
2027-12-11 00:00:00,0.6653399684631712,5.92,1425.72,2.0,23.0,18.72
2027-12-12 00:00:00,0.7015742864869183,5.91,1422.71,2.0,23.0,19.87
2027-12-13 00:00:00,0.8147508854985054,5.91,1418.76,2.0,23.0,19.24
2027-12-13 01:00:00,0.6082244530928178,5.9,1418.87,2.0,23.0,18.42
2027-12-13 02:00:00,0.5703106692904907,5.9,1418.87,2.0,23.0,22.79
2027-12-13 04:00:00,0.5613743375930647,5.91,1418.76,2.0,22.9,21.26
2027-12-14 00:00:00,0.7185994726551415,5.91,1415.24,2.0,23.0,19.73
2027-12-15 00:00:00,0.6759430863449729,5.91,1412.33,2.0,23.0,21.66
2027-12-16 00:00:00,0.7622627789385414,5.91,1408.39,2.0,22.9,24.59
2027-12-17 00:00:00,0.6874767912759945,5.91,1404.86,2.0,22.9,20.9
2027-12-18 00:00:00,0.6241368739596861,5.9,1403.09,2.0,23.0,23.18
2027-12-19 00:00:00,0.6482845241200641,5.9,1398.94,2.0,23.0,18.44
2027-12-20 00:00:00,0.8311625948289898,5.9,1396.14,2.0,22.9,20.81
2027-12-20 01:00:00,0.6039739328677229,5.91,1396.04,2.0,22.9,22.54
2027-12-20 02:00:00,0.5763595054899715,5.91,1395.62,2.0,22.9,19.98
2027-12-20 03:00:00,0.6453614605364729,5.91,1395.52,2.0,23.0,18.26
2027-12-20 04:00:00,0.5963268485381282,5.91,1395.21,2.0,22.9,24.54
2027-12-20 22:00:00,0.5667832607509189,5.89,1393.55,2.0,23.0,24.67
2027-12-21 00:00:00,0.7228100127813153,5.89,1393.44,2.0,22.9,24.32
2027-12-21 02:00:00,0.61744629165507,5.89,1393.03,2.0,23.0,24.94
2027-12-22 00:00:00,0.7877133870520069,5.9,1389.71,2.0,23.0,18.11
2027-12-23 00:00:00,0.6160647678777134,5.88,1387.84,2.0,22.9,19.48
2027-12-24 00:00:00,0.6257427880921173,5.89,1383.69,2.0,22.9,18.65
2027-12-25 00:00:00,0.6779891637286986,5.9,1380.68,2.0,23.0,18.73
2027-12-25 01:00:00,0.6089320750544627,5.91,1380.58,2.0,22.9,24.86
2027-12-26 00:00:00,0.7339193534586402,5.9,1377.77,2.0,22.9,24.86
2027-12-27 00:00:00,0.7807416333413079,5.91,1375.59,2.0,22.9,18.06
2027-12-27 01:00:00,0.5992424124818989,5.91,1375.18,2.0,22.9,18.57
2027-12-27 02:00:00,0.5648807713358935,5.9,1375.28,2.0,22.9,19.56
2027-12-27 03:00:00,0.5675093554811863,5.9,1375.49,2.0,22.9,18.43
2027-12-27 04:00:00,0.6331204667834601,5.91,1375.39,2.0,23.0,19.13
2027-12-28 00:00:00,0.6775807840385126,5.89,1373.52,2.0,22.9,24.71
2027-12-29 00:00:00,0.6401586594493258,5.9,1371.34,2.0,22.9,21.73
2027-12-30 00:00:00,0.5904275090646788,5.9,1368.33,2.0,22.9,21.82
2027-12-31 00:00:00,0.6293226908865901,5.9,1365.63,2.0,22.9,22.75
2027-12-31 02:00:00,0.5687229688764769,5.9,1365.63,2.0,23.0,24.86
2028-01-01 00:00:00,0.8014518418233738,5.9,1362.36,2.0,22.95,19.28
2028-01-01 01:00:00,0.5924094754894345,5.9,1362.31,2.0,22.9,19.85
2028-01-01 04:00:00,0.6329184641718629,5.91,1362.0,2.0,22.9,18.3
2028-01-02 00:00:00,0.6658757895093147,5.9,1360.34,2.0,23.0,22.98
2028-01-03 00:00:00,0.7471031225434066,5.9,1358.16,2.0,23.0,21.61
2028-01-03 02:00:00,0.5825885822387522,5.9,1357.85,2.0,22.9,20.72
2028-01-04 00:00:00,0.6233834306196646,5.91,1355.67,2.0,22.9,19.34
2028-01-05 00:00:00,0.6404827444256201,5.91,1353.18,2.0,22.9,24.66
2028-01-06 00:00:00,0.6985744835228956,5.91,1350.69,2.0,23.0,23.79
2028-01-07 00:00:00,0.672927995910602,5.9,1348.82,2.0,22.95,22.03
2028-01-08 00:00:00,0.6414399776445543,5.91,1346.33,2.0,22.9,20.81
2028-01-09 00:00:00,0.6673272331568282,5.9,1343.94,2.0,22.9,24.0
2028-01-10 00:00:00,0.7249388915135302,5.91,1341.97,2.0,22.9,18.82
2028-01-11 00:00:00,0.763754103279955,5.91,1340.41,2.0,23.0,22.03
2028-01-12 00:00:00,0.6073239049161123,5.92,1338.34,2.0,22.9,19.43
2028-01-13 00:00:00,0.583800466721715,5.91,1336.26,2.0,22.9,18.31
2028-01-14 00:00:00,0.5801361378985511,5.91,1334.6,2.0,22.9,21.5
2028-01-15 00:00:00,0.6437881864762883,5.9,1332.32,2.0,22.9,18.29
2028-01-16 00:00:00,0.6225497730978574,5.91,1330.45,2.0,22.9,22.27
2028-01-17 00:00:00,0.7419545727239618,5.91,1328.27,2.0,22.9,20.01
2028-01-18 00:00:00,0.6345404668942606,5.9,1326.09,2.0,22.9,24.6
2028-01-19 00:00:00,0.7137477718874689,5.91,1324.02,2.0,23.0,20.55
2028-01-20 00:00:00,0.6850329673219027,5.91,1321.73,2.0,23.0,20.06
2028-01-21 00:00:00,0.7255015796917866,5.91,1320.18,2.0,22.9,24.31
2028-01-22 00:00:00,0.7180883965780168,5.91,1317.89,2.0,22.9,24.53
2028-01-22 01:00:00,0.5484867132890927,5.9,1318.0,2.0,23.0,24.81
2028-01-23 00:00:00,0.6564959233003971,5.9,1315.51,2.0,23.0,18.85
2028-01-24 00:00:00,0.7871969435732016,5.91,1314.05,2.0,23.0,24.49
2028-01-25 00:00:00,0.6595137124984611,5.9,1311.67,2.0,23.0,24.03
2028-01-26 00:00:00,0.5808005429985628,5.91,1309.18,2.0,23.0,18.82
2028-01-27 00:00:00,0.5963099915076872,5.91,1307.62,2.0,23.0,18.04
2028-01-28 00:00:00,0.6263792286924269,5.91,1305.65,2.0,23.0,18.54
2028-01-29 00:00:00,0.6689091851933937,5.9,1304.92,2.0,23.0,18.67
2028-01-30 00:00:00,0.679689264759187,5.9,1302.85,2.0,23.0,24.73
2028-01-31 00:00:00,0.721016063207481,5.91,1300.77,2.0,23.0,20.52
2028-02-01 00:00:00,0.7080774070055943,5.91,1298.8,2.0,23.0,21.37
2028-02-01 01:00:00,0.5634754214294215,5.91,1298.7,2.0,23.0,24.97
2028-02-01 02:00:00,0.5595520658006204,5.91,1298.38,2.0,23.0,19.61
2028-02-02 00:00:00,0.5777938641392736,5.91,1296.52,2.0,23.0,19.54
2028-02-03 00:00:00,0.5585268904160023,5.91,1294.54,2.0,23.0,20.2
2028-02-04 00:00:00,0.6278339731220761,5.9,1292.99,2.0,23.0,24.88
2028-02-05 00:00:00,0.5872060097972497,5.92,1291.43,2.0,23.0,21.73
2028-02-06 00:00:00,0.6380453177250855,5.91,1289.67,2.0,23.0,20.95
2028-02-07 00:00:00,0.7385470232848337,5.88,1288.11,2.0,23.0,24.46
2028-02-08 00:00:00,0.5905981734510513,5.89,1285.2,2.0,23.0,21.28
2028-02-09 00:00:00,0.7002583846013279,5.89,1283.13,2.0,23.0,24.98
2028-02-10 00:00:00,0.6231110466778154,5.88,1281.26,2.0,23.1,19.55
2028-02-12 00:00:00,0.5706942487113861,5.89,1277.63,2.0,23.1,19.42
2028-02-13 00:00:00,0.6542434587640851,5.91,1275.45,2.0,23.1,19.83
2028-02-14 00:00:00,0.73526019169099,5.91,1274.1,2.0,23.1,24.13
2028-02-15 00:00:00,0.6065457142567952,5.92,1272.96,2.0,23.1,21.17
2028-02-16 00:00:00,0.6229658509866798,5.91,1271.51,2.0,23.1,23.32
2028-02-18 00:00:00,0.5944871611890324,5.9,1269.12,2.0,23.1,23.91
2028-02-19 00:00:00,0.6100004163714415,5.91,1267.04,2.0,23.1,20.07
2028-02-20 00:00:00,0.615203848710237,5.9,1264.55,2.0,23.1,18.81
2028-02-21 00:00:00,0.7699492773667396,5.91,1263.1,2.0,23.2,18.7
2028-02-22 00:00:00,0.5875933394365844,5.9,1260.71,2.0,23.1,20.89
2028-02-23 00:00:00,0.7309635241074911,5.89,1259.68,2.0,23.2,24.89
2028-02-24 00:00:00,0.5895262575195177,5.89,1257.81,2.0,23.2,24.5
2028-02-25 00:00:00,0.6415794791556023,5.88,1256.04,2.0,23.1,21.19
2028-02-26 00:00:00,0.5725113036486562,5.9,1254.07,2.0,23.1,21.27
2028-02-27 00:00:00,0.6220291094755608,5.89,1253.03,2.0,23.1,18.53
2028-02-28 00:00:00,0.6702432238981405,5.9,1250.75,2.0,23.2,22.83
2028-02-29 00:00:00,0.5644506302397674,5.89,1248.16,2.0,23.2,20.84
2028-03-01 00:00:00,0.6884068589711226,5.9,1246.6,2.0,23.3,20.25
2028-03-03 00:00:00,0.572004795827722,5.91,1244.21,2.0,23.3,21.11
2028-03-04 00:00:00,0.626217285352796,5.91,1243.17,2.0,23.4,21.9
2028-03-05 00:00:00,0.5520432959404735,5.91,1241.51,2.0,23.4,21.37
2028-03-06 00:00:00,0.6897957098801788,5.91,1240.06,2.0,23.4,19.47
2028-03-07 00:00:00,0.6163959539910366,5.92,1239.02,2.0,23.4,24.88
2028-03-08 00:00:00,0.5736305943155692,5.93,1237.78,2.0,23.4,19.56
2028-03-09 00:00:00,0.5650919607607598,5.93,1236.33,2.0,23.4,24.61
2028-03-10 00:00:00,0.5871359659712386,5.93,1236.22,2.0,23.4,21.34
2028-03-11 00:00:00,0.6050014816850258,5.93,1234.98,2.0,23.5,23.92
2028-03-12 00:00:00,0.7063215440436603,5.94,1233.42,2.0,23.5,19.16
2028-03-13 00:00:00,0.7877018402754613,6.0,1233.94,2.0,23.5,19.94
2028-03-13 01:00:00,0.5483179960522253,6.0,1233.94,2.0,23.6,18.25
2028-03-13 02:00:00,0.6126252832694267,5.99,1234.15,2.0,23.5,19.57
2028-03-14 00:00:00,0.6549275880489843,6.0,1235.6,2.0,23.6,19.59
2028-03-15 00:00:00,0.6081198068149652,6.02,1235.6,2.0,23.5,24.25
2028-03-16 00:00:00,0.5980332371249966,6.02,1236.01,2.0,23.5,21.1
2028-03-17 00:00:00,0.6608225794130616,6.07,1231.97,2.0,23.6,23.95
2028-03-18 00:00:00,0.6160960146481227,6.02,1236.64,2.0,23.6,21.07
2028-03-19 00:00:00,0.625571189557891,6.02,1235.18,2.0,23.7,24.32
2028-03-20 00:00:00,0.7593442811915582,6.11,1235.5,2.0,23.7,18.7
2028-03-20 02:00:00,0.5838322352674113,6.09,1286.95,2.0,23.7,24.24
2028-03-21 00:00:00,0.5669142468817289,6.04,1289.9,2.0,23.7,21.77
2028-03-22 00:00:00,0.5538015877566577,6.02,1286.64,2.0,23.7,24.25
2028-03-25 00:00:00,0.6112618775307395,6.0,1279.99,2.0,23.7,23.56
2028-03-26 00:00:00,0.5982345420403617,5.97,1278.85,2.0,23.7,21.41
2028-03-27 00:00:00,0.6590451005770753,5.96,1276.78,2.0,23.8,21.2
2028-03-30 00:00:00,0.5726319569127799,5.94,1271.49,2.0,23.8,24.25
2028-03-31 00:00:00,0.5490131114732246,5.95,1269.31,2.0,23.8,18.21
2028-04-01 00:00:00,0.6697943160286053,5.95,1266.82,2.0,23.8,18.04
2028-04-02 00:00:00,0.5839334043196994,5.95,1266.19,2.0,23.8,19.81
2028-04-03 00:00:00,0.6760219103566231,5.96,1264.74,2.0,23.8,20.74
2028-04-08 00:00:00,0.5541222727744988,5.95,1257.79,2.0,23.8,23.38
2028-04-09 00:00:00,0.6311474495975665,5.94,1256.75,2.0,23.8,22.39
2028-04-10 00:00:00,0.7338642496182116,5.95,1255.61,2.0,23.8,24.65
2028-04-11 00:00:00,0.6923410831156301,5.96,1254.78,2.0,23.7,24.87
2028-04-14 00:00:00,0.5733702193964112,5.95,1251.25,2.0,23.7,23.49
2028-04-16 00:00:00,0.6167072795454485,5.96,1250.21,2.0,23.7,24.93
2028-04-17 00:00:00,0.7325540218856142,5.96,1249.07,2.0,23.7,21.6
2028-04-18 00:00:00,0.5541909086783442,5.96,1248.03,2.0,23.8,21.13
2028-04-19 00:00:00,0.6756272669198914,5.98,1249.83,2.0,23.8,21.89
2028-04-20 00:00:00,0.6108831918586455,5.96,1251.19,2.0,23.8,23.98
2028-04-21 00:00:00,0.5835871412030356,5.97,1246.48,2.0,23.9,24.51
2028-04-22 00:00:00,0.5636120989177087,5.97,1246.23,2.0,23.9,20.36
2028-04-23 00:00:00,0.6725855160090553,5.97,1246.6,2.0,24.0,21.06
2028-04-24 00:00:00,0.6724841898916369,5.98,1246.66,2.0,24.0,23.11
2028-04-25 00:00:00,0.6908223459179601,5.98,1248.07,2.0,24.1,21.38
2028-04-26 00:00:00,0.61459917849238,5.99,1249.37,2.0,23.9,20.48
2028-04-27 13:00:00,0.5916079478415058,5.79,1294.61,2.0,23.7,23.33
2028-04-27 14:00:00,0.6419167248694253,5.59,1339.14,2.0,23.5,24.44
2028-04-28 00:00:00,0.6391662447500688,5.62,1338.18,1.5,23.5,19.14
2028-04-29 00:00:00,0.6435402249147079,5.63,1336.25,1.0,23.6,24.72
2028-04-30 00:00:00,0.7231622130386754,5.65,1334.44,1.0,23.5,19.81
2028-05-01 00:00:00,0.8569119783909499,5.65,1333.25,1.0,23.6,22.85
2028-05-01 01:00:00,0.6130967995583694,5.61,1332.99,1.0,23.6,22.0
2028-05-01 02:00:00,0.6324144194391738,5.6,1333.15,1.0,23.6,22.08
2028-05-01 03:00:00,0.606786392514987,5.65,1333.09,1.0,23.6,22.18
2028-05-02 00:00:00,0.6138268213339418,5.63,1332.27,1.0,23.6,22.57
2028-05-03 00:00:00,0.6007388462080699,5.6,1331.4,1.0,23.6,24.2
2028-05-04 00:00:00,0.5928042067588453,5.71,1329.17,1.0,23.6,24.2
2028-05-05 00:00:00,0.5892402676756426,5.7,1328.2,1.0,23.6,18.41
2028-05-06 00:00:00,0.5681488265003106,5.61,1327.73,1.0,23.6,19.68
2028-05-07 00:00:00,0.6660543988195062,5.66,1326.76,1.0,23.5,24.84
2028-05-08 00:00:00,0.7554065011027357,5.62,1325.57,1.0,23.5,24.59
2028-05-09 00:00:00,0.6321591129019732,5.59,1324.49,1.0,23.5,21.11
2028-05-10 00:00:00,0.6355350958632083,5.65,1323.19,1.0,23.6,23.91
2028-05-13 00:00:00,0.60228604762136,5.71,1319.74,1.0,23.5,23.46
2028-05-14 00:00:00,0.6945260955826154,5.71,1318.66,1.0,23.6,24.19
2028-05-15 00:00:00,0.7389071773219155,5.65,1318.09,1.0,23.6,21.43
2028-05-16 00:00:00,0.5945860692862694,5.65,1316.8,1.0,23.6,24.9
2028-05-21 00:00:00,0.6151022453229993,5.65,1312.32,1.0,23.7,24.35
2028-05-22 00:00:00,0.7773883654544564,5.66,1253.68,1.0,24.4,18.15
2028-05-23 00:00:00,0.6072911560113827,5.71,1304.09,1.0,24.4,24.75
2028-05-26 00:00:00,0.590316022674047,5.74,1304.87,1.0,24.6,18.18
2028-05-28 00:00:00,0.5492597998920362,5.69,1306.12,1.0,24.8,19.59
2028-05-29 00:00:00,0.704947461065078,5.72,1306.69,1.0,24.8,21.59
2028-05-30 00:00:00,0.619074097408474,5.69,1308.3,1.0,24.7,21.41
2028-06-01 00:00:00,0.6332717535652432,5.69,1309.44,1.0,24.7,22.44
2028-06-04 00:00:00,0.5740367599231398,5.66,1311.46,1.0,24.6,24.61
2028-06-05 00:00:00,0.7293906492966917,5.72,1311.83,1.0,24.5,19.93
2028-06-07 00:00:00,0.6171224866450197,5.62,1313.9,1.0,24.4,18.3
2028-06-09 00:00:00,0.6256579391038449,5.77,1314.42,1.0,24.4,23.73
2028-06-10 00:00:00,0.6607562678289243,5.69,1315.41,1.0,24.4,24.71
2028-06-11 00:00:00,0.5735607262593662,5.6,1316.81,1.0,24.3,24.5
2028-06-12 00:00:00,0.7136911300204111,5.73,1316.65,1.0,24.3,20.94
2028-06-13 00:00:00,0.555717078924475,5.76,1317.43,1.0,24.3,19.19
2028-06-16 00:00:00,0.6175202691638441,5.75,1320.18,1.0,24.1,22.82
2028-06-18 00:00:00,0.5771046133351247,5.64,1321.32,1.0,24.2,24.01
2028-06-19 00:00:00,0.7187128315616143,5.63,1323.04,1.0,24.2,23.89
2028-06-24 00:00:00,0.60533779148592,5.73,1327.55,1.0,24.3,20.16
2028-06-25 00:00:00,0.5490751274006805,5.71,1327.81,1.0,24.3,21.34
2028-06-26 00:00:00,0.76212243064639,5.65,1329.32,1.0,24.3,24.6
2028-06-27 00:00:00,0.5873729391140576,5.65,1331.65,1.0,24.3,20.52
2028-06-28 00:00:00,0.6407526635233696,5.62,1332.64,1.0,24.2,22.23
2028-06-29 00:00:00,0.5695335377457665,5.72,1331.96,1.0,24.2,24.29
2028-07-01 00:00:00,0.8220337689430021,5.72,1334.56,1.0,24.2,24.32
2028-07-01 01:00:00,0.5688018945107005,5.7,1334.53,1.0,24.2,19.3
2028-07-02 00:00:00,0.5685814206901775,5.63,1335.85,1.0,24.2,24.05
2028-07-03 00:00:00,0.7116500589977515,5.71,1336.53,1.0,24.2,24.65
2028-07-04 00:00:00,0.5516982347307868,5.66,1336.89,1.0,24.2,20.69
2028-07-05 00:00:00,0.5646560353134686,5.71,1338.19,1.0,24.2,24.37
2028-07-06 00:00:00,0.5886310677805914,5.63,1339.49,1.0,24.2,21.88
2028-07-07 00:00:00,0.5630400188919252,5.66,1341.45,1.0,24.3,18.37
2028-07-08 00:00:00,0.5873691535638135,5.7,1341.81,1.0,24.4,24.45
2028-07-10 00:00:00,0.7032817829871316,5.66,1344.3,1.0,24.4,18.74
2028-07-14 00:00:00,0.5523944796294677,5.68,1349.7,1.0,24.4,24.48
2028-07-16 00:00:00,0.5801719192322133,5.7,1351.36,1.0,24.4,18.53
2028-07-17 00:00:00,0.7174319785966786,5.65,1352.76,1.0,24.5,18.54
2028-07-18 00:00:00,0.6061094204168339,5.72,1354.27,1.0,24.5,20.62
2028-07-20 00:00:00,0.5518103016588004,5.73,1356.24,1.0,24.5,24.03
2028-07-21 00:00:00,0.555315905770094,5.72,1357.64,1.0,24.5,18.75
2028-07-22 00:00:00,0.550715983293475,5.64,1359.25,1.0,24.5,19.64
2028-07-23 00:00:00,0.5518118455208848,5.67,1359.61,1.0,24.5,19.89
2028-07-24 00:00:00,0.726124443499461,5.62,1361.22,1.0,24.5,19.0
2028-07-26 00:00:00,0.6045451361574614,5.66,1364.54,1.0,24.5,23.62
2028-07-27 00:00:00,0.6175922272907479,5.62,1365.53,1.0,24.5,20.49
2028-07-29 00:00:00,0.571629605123876,5.64,1367.29,1.0,24.5,19.33
2028-07-30 00:00:00,0.5615518334082148,5.62,1368.8,1.0,24.5,21.76
2028-07-31 00:00:00,0.7378233237384643,5.61,1370.2,1.0,24.4,22.91
2028-08-01 00:00:00,0.7562566384685397,5.7,1371.39,1.0,24.5,19.96
2028-08-06 00:00:00,0.5658804958543332,5.63,1377.77,1.0,24.7,23.27
2028-08-07 00:00:00,0.7037798596987592,5.61,1379.28,1.0,24.7,22.44
2028-08-09 00:00:00,0.7388497365365241,5.7,1381.46,1.0,24.8,24.18
2028-08-11 00:00:00,0.5697544136988959,5.64,1384.16,1.0,24.8,23.42
2028-08-12 00:00:00,0.6661865834336897,5.71,1384.52,1.0,24.8,21.93
2028-08-13 00:00:00,0.629865666886809,5.6,1386.96,1.0,24.7,23.04
2028-08-14 00:00:00,0.7151549627045126,5.68,1387.82,1.0,24.7,22.31
2028-08-15 00:00:00,0.5944340576887002,5.62,1389.32,1.0,24.7,20.55
2028-08-16 00:00:00,0.5532292539674967,5.6,1390.1,1.0,24.7,23.8
2028-08-18 00:00:00,0.5766307370964661,5.63,1393.01,1.0,24.7,23.55
2028-08-19 00:00:00,0.626671588740012,5.68,1393.47,1.0,24.7,24.37
2028-08-20 00:00:00,0.6089096139274014,5.66,1394.98,1.0,24.6,19.23
2028-08-21 00:00:00,0.7182647264696431,5.62,1397.0,1.0,24.6,23.35
2028-08-23 00:00:00,0.5974639833235486,5.66,1394.82,1.0,24.6,24.22
2028-08-24 00:00:00,0.5561205951572731,5.73,1406.19,1.0,24.7,22.01
2028-08-25 00:00:00,0.6689361145780695,5.69,1416.51,1.0,24.6,23.93
2028-08-26 00:00:00,0.5815430311045817,5.62,1421.44,1.0,24.6,23.07
2028-08-27 00:00:00,0.6150323768567665,5.7,1424.4,1.0,24.6,21.89
2028-08-28 00:00:00,0.7157707738116179,5.66,1427.15,1.0,24.6,20.29
2028-08-29 00:00:00,0.5578146565604115,5.65,1428.24,1.0,24.6,23.8
2028-08-30 00:00:00,0.5908664523275448,5.66,1430.47,1.0,24.5,22.42
2028-09-01 00:00:00,0.7689155002893743,5.62,1433.38,1.0,24.5,22.91
2028-09-02 00:00:00,0.5859812508756382,5.63,1434.16,1.0,24.5,21.58
2028-09-03 00:00:00,0.6253600692838357,5.55,1435.35,1.0,24.5,18.86
2028-09-04 00:00:00,0.7112623290445751,5.59,1436.03,1.0,24.5,21.22
2028-09-05 00:00:00,0.5585084600107326,5.64,1437.53,1.0,24.5,21.92
2028-09-07 00:00:00,0.5723274254117088,5.64,1439.19,1.0,24.5,21.97
2028-09-08 00:00:00,0.5835683487376953,5.51,1440.7,1.0,24.5,18.71
2028-09-09 00:00:00,0.6205070722857967,5.62,1441.37,1.0,24.5,22.21
2028-09-10 00:00:00,0.5791520569771523,5.58,1442.15,1.0,24.5,20.07
2028-09-11 00:00:00,0.7894383019559355,5.61,1442.41,1.0,24.4,18.89
2028-09-12 00:00:00,0.5668200905185747,5.57,1442.98,1.0,24.5,18.91
2028-09-13 00:00:00,0.6266451150281034,5.63,1444.25,1.0,24.4,24.34
2028-09-15 00:00:00,0.6025116764699343,5.51,1446.22,1.0,24.3,21.34
2028-09-16 00:00:00,0.6220756451161537,5.55,1446.48,1.0,24.3,23.48
2028-09-17 00:00:00,0.6796240443608084,5.51,1447.47,1.0,24.2,19.25
2028-09-18 00:00:00,0.7372905170134486,5.57,1449.18,1.0,24.2,19.25
2028-09-19 00:00:00,0.6275229814928797,5.56,1450.17,1.0,24.2,20.68
2028-09-20 00:00:00,0.6115924059580934,5.61,1450.64,1.0,24.2,19.82
2028-09-21 00:00:00,0.5514275296815092,5.56,1451.78,1.0,24.1,23.02
2028-09-22 00:00:00,0.5762364451527522,5.6,1452.3,1.0,24.1,24.02
2028-09-23 00:00:00,0.5972128265202098,5.54,1454.11,1.0,24.1,20.46
2028-09-24 00:00:00,0.6399960992449937,5.5,1454.56,1.0,24.1,23.79
2028-09-25 00:00:00,0.8279900037588224,5.5,1455.65,1.0,24.0,22.69
2028-09-25 01:00:00,0.5793979586194162,5.62,1455.62,1.0,24.1,22.3
2028-09-25 03:00:00,0.55083847722425,5.5,1455.78,1.0,24.0,21.92
2028-09-26 00:00:00,0.6283872625209277,5.49,1456.84,1.0,24.0,18.77
2028-09-27 00:00:00,0.580016077898409,5.51,1458.55,1.0,24.0,19.37
2028-09-28 00:00:00,0.5864758330895166,5.5,1459.75,1.0,24.1,19.15
2028-09-29 00:00:00,0.5966456176224257,5.61,1460.32,1.0,24.1,19.41
2028-09-30 00:00:00,0.5786918690426356,5.57,1461.18,1.0,24.1,22.42
2028-10-01 00:00:00,0.767884555687435,5.52,1463.1,1.0,24.1,19.14
2028-10-01 01:00:00,0.7511777702574849,5.61,1208.45,1.0,24.1,21.88
2028-10-01 02:00:00,0.6711212101835778,5.49,1208.84,1.0,24.1,22.67
2028-10-01 03:00:00,0.6317908649938556,5.62,1208.61,1.0,24.1,24.55
2028-10-02 00:00:00,0.7564124449720379,5.6,1209.67,1.0,24.1,19.53
2028-10-06 00:00:00,0.5600115083014786,5.51,1215.06,1.0,24.1,21.63
2028-10-07 00:00:00,0.5777206819530222,5.58,1216.67,1.0,24.1,22.21
2028-10-08 00:00:00,0.5950848149496342,5.56,1217.76,1.0,24.1,21.23
2028-10-09 00:00:00,0.719968655324759,5.55,1218.44,1.0,24.1,22.8
2028-10-09 01:00:00,0.5602969415556591,5.54,1218.41,1.0,24.2,24.85
2028-10-11 00:00:00,0.6544012805425491,5.56,1221.96,1.0,24.2,22.33
2028-10-12 00:00:00,0.6336012538272288,5.5,1222.85,1.0,24.2,20.44
2028-10-15 00:00:00,0.5977014903091337,5.55,1226.84,1.0,24.1,23.31
2028-10-16 00:00:00,0.7399981048372595,5.62,1227.41,1.0,24.1,22.71
2028-10-16 02:00:00,0.5546106457804395,5.51,1228.61,1.0,24.1,23.18
2028-10-17 00:00:00,0.5882387159433878,5.55,1229.37,1.0,24.1,19.59
2028-10-18 00:00:00,0.6280383410787024,5.57,1230.53,1.0,24.1,21.45
2028-10-19 00:00:00,0.6609838763783938,5.53,1232.34,1.0,24.1,18.14
2028-10-20 00:00:00,0.6139618209479316,5.54,1233.62,1.0,24.1,19.25
2028-10-21 00:00:00,0.6392303576035331,5.58,1234.81,1.0,24.1,23.9
2028-10-22 00:00:00,0.7267017165243443,5.51,1236.32,1.0,24.2,24.25
2028-10-22 02:00:00,0.5496445674189018,5.5,1236.48,1.0,24.2,20.88
2028-10-23 00:00:00,0.8046290136318779,5.58,1237.09,1.0,24.2,22.66
2028-10-24 00:00:00,0.5546952009862889,5.61,1238.91,1.0,24.1,21.47
2028-10-27 00:00:00,0.591548585240335,5.54,1244.05,1.0,24.1,18.1
2028-10-28 00:00:00,0.6036511412291814,5.56,1245.76,1.0,24.1,18.79
2028-10-29 00:00:00,0.5986721509302533,5.56,1246.43,1.0,24.1,18.29
2028-10-30 00:00:00,0.7553730198218386,5.54,1249.08,1.0,24.1,24.35
2028-10-31 00:00:00,0.5493054088217877,5.51,1250.48,1.0,24.1,22.02
2028-11-01 00:00:00,0.7314168256909974,5.62,1251.36,1.0,24.0,22.86
2028-11-01 01:00:00,0.6043287866082748,5.61,1252.07,1.0,24.1,18.86
2028-11-01 02:00:00,0.5551839525329157,5.64,1251.84,1.0,24.0,20.41
2028-11-02 00:00:00,0.6333036472923994,5.51,1253.6,1.0,24.0,24.62
2028-11-03 00:00:00,0.6254115715633307,5.63,1254.37,1.0,24.0,20.98
2028-11-04 00:00:00,0.640443592600702,5.63,1255.67,1.0,24.0,24.35
2028-11-05 00:00:00,0.6071874962697098,5.51,1258.01,1.0,24.0,22.84
2028-11-06 00:00:00,0.7432435092194245,5.62,1258.78,1.0,24.0,23.58
2028-11-07 00:00:00,0.6192637547336953,5.51,1261.12,1.0,24.0,23.11
2028-11-09 00:00:00,0.5620548485600794,5.54,1263.3,1.0,24.0,22.43
2028-11-10 00:00:00,0.5612412289089315,5.57,1265.63,1.0,24.0,21.24
2028-11-11 00:00:00,0.7836950107694249,5.52,1266.21,1.0,24.0,21.47
2028-11-12 00:00:00,0.622079096461198,5.59,1267.3,1.0,23.9,24.46
2028-11-13 00:00:00,0.7830533534852232,5.56,1268.9,1.0,23.9,20.89
2028-11-13 01:00:00,0.5913460417835251,5.61,1268.67,1.0,23.9,18.28
2028-11-14 00:00:00,0.6511277058879982,5.62,1270.82,1.0,23.9,23.96
2028-11-15 00:00:00,0.5718755446691982,5.52,1272.02,1.0,23.9,19.82
2028-11-16 00:00:00,0.6800560748879549,5.56,1272.8,1.0,24.0,23.2
2028-11-17 00:00:00,0.6961797305099221,5.52,1275.24,1.0,23.9,18.23
2028-11-18 00:00:00,0.5895031224385456,5.53,1276.43,1.0,23.9,23.12
2028-11-19 00:00:00,0.6268507638647863,5.62,1277.1,1.0,23.9,22.28
2028-11-20 00:00:00,0.7645565325642323,5.54,1279.1,1.0,23.9,18.96
2028-11-21 00:00:00,0.5659441679401959,5.52,1279.26,1.0,23.9,22.33
2028-11-22 00:00:00,0.6035919210980566,5.61,1281.28,1.0,23.9,21.68
2028-11-23 00:00:00,0.6111845803561871,5.64,1281.75,1.0,23.9,24.01
2028-11-24 00:00:00,0.5743291584159439,5.52,1283.02,1.0,23.9,23.88
2028-11-25 00:00:00,0.6696290299774352,5.59,1283.7,1.0,23.9,24.98
2028-11-26 00:00:00,0.6691566067207158,5.53,1286.03,1.0,23.9,24.76
2028-11-27 00:00:00,0.7296347655832763,5.58,1286.37,1.0,23.9,19.82
2028-11-28 00:00:00,0.576127403623545,5.56,1287.88,1.0,23.9,19.67
2028-11-29 00:00:00,0.5637853879327961,5.63,1290.29,1.0,23.9,19.82
2028-11-30 00:00:00,0.6006548211110885,5.54,1291.69,1.0,23.9,23.13
2028-12-01 00:00:00,0.6845208005402595,5.55,1292.58,1.0,23.9,20.24
2028-12-01 01:00:00,0.6046799320116795,5.61,1292.66,1.0,23.8,20.61
2028-12-01 02:00:00,0.5577618435653348,5.65,1292.74,1.0,23.8,21.18
2028-12-02 00:00:00,0.6168481043124703,5.55,1294.6,1.0,23.8,19.25
2028-12-03 00:00:00,0.6608819603739077,5.62,1295.69,1.0,23.8,20.77
2028-12-04 00:00:00,0.7708213248822052,5.65,1297.61,1.0,23.8,21.01
2028-12-05 00:00:00,0.6037506122558987,5.54,1300.15,1.0,23.8,20.35
2028-12-06 00:00:00,0.5808903440433173,5.62,1301.24,1.0,23.8,19.09
2028-12-07 00:00:00,0.5862713797963952,5.56,1303.27,1.0,23.8,18.4
2028-12-08 00:00:00,0.6658560878425837,5.54,1305.5,1.0,23.7,21.68
2028-12-09 00:00:00,0.6407683978414243,5.58,1307.31,1.0,23.7,20.06
2028-12-10 00:00:00,0.6395447503255497,5.63,1308.2,1.0,23.7,23.16
2028-12-11 00:00:00,0.753015538034679,5.61,1310.74,1.0,23.7,24.6
2028-12-11 02:00:00,0.5499942127953857,5.52,1310.79,1.0,23.7,19.2
2028-12-12 00:00:00,0.6104581632511004,5.64,1312.12,1.0,23.7,21.38
2028-12-15 00:00:00,0.5672015018526806,5.62,1317.15,1.0,23.7,22.76
2028-12-16 00:00:00,0.5968715955013733,5.54,1319.28,1.0,23.7,20.49
2028-12-17 00:00:00,0.6400479510330225,5.63,1320.37,1.0,23.7,20.85
2028-12-18 00:00:00,0.8686889663846697,5.61,1322.39,1.0,23.7,24.1
2028-12-18 01:00:00,0.5716920811097602,5.63,1322.57,1.0,23.7,19.12
2028-12-18 03:00:00,0.585181245431062,5.61,1321.9,1.0,23.6,18.53
2028-12-19 00:00:00,0.6821611377912599,5.62,1323.58,1.0,23.7,18.12
2028-12-19 02:00:00,0.5603325836479425,5.62,1323.64,1.0,23.7,18.3
2028-12-20 00:00:00,0.6225346546131477,5.51,1325.4,1.0,23.7,21.88
2028-12-21 00:00:00,0.6831874981465744,5.53,1326.28,1.0,23.6,19.66
2028-12-22 00:00:00,0.6160217631377011,5.55,1328.51,1.0,23.6,21.01
2028-12-23 00:00:00,0.6439343187956922,5.52,1329.4,1.0,23.6,21.85
2028-12-24 00:00:00,0.6362580206635992,5.53,1330.8,1.0,23.6,19.98
2028-12-25 00:00:00,0.817894755509333,5.53,1332.92,1.0,23.6,18.56
2028-12-26 00:00:00,0.6038995089553565,5.53,1334.22,1.0,23.6,19.26
2028-12-27 00:00:00,0.625155397903845,5.53,1335.31,1.0,23.6,23.64
2028-12-28 00:00:00,0.5945621773664805,5.63,1336.71,1.0,23.6,18.64
2028-12-29 00:00:00,0.5845020558036408,5.53,1338.32,1.0,23.6,23.48
2028-12-30 00:00:00,0.6210578426515625,5.57,1339.28,1.0,23.6,18.22
2028-12-31 00:00:00,0.66035007693855,5.52,1341.52,1.0,23.6,23.31
2029-01-01 00:00:00,0.871008906756534,5.55,1343.33,1.0,23.6,20.36
2029-01-01 01:00:00,0.6087195589473837,5.56,1343.41,1.0,23.6,18.83
2029-01-01 02:00:00,0.5566357118700958,5.63,1342.97,1.0,23.6,21.87
2029-01-01 03:00:00,0.5688447156732271,5.6,1342.43,1.0,23.6,21.08
2029-01-02 00:00:00,0.6670240264541903,5.53,1344.63,1.0,23.6,19.73
2029-01-03 00:00:00,0.5797347225817034,5.6,1345.41,1.0,23.6,22.03
2029-01-04 00:00:00,0.6189946672050518,5.57,1347.85,1.0,23.6,18.4
2029-01-05 00:00:00,0.6046806428239515,5.55,1349.14,1.0,23.6,22.3
2029-01-06 00:00:00,0.6059084332426532,5.57,1350.75,1.0,23.6,20.82
2029-01-07 00:00:00,0.7363283811814451,5.58,1352.05,1.0,23.5,21.79
2029-01-07 01:00:00,0.5696786191788507,5.62,1351.3,1.0,23.6,21.84
2029-01-07 02:00:00,0.550270155963175,5.58,1352.21,1.0,23.6,20.75
2029-01-08 00:00:00,0.7651342806537713,5.61,1352.83,1.0,23.5,22.57
2029-01-08 01:00:00,0.6291691730766198,5.54,1352.91,1.0,23.6,18.6
2029-01-09 00:00:00,0.5960021867079759,5.57,1355.06,1.0,23.5,20.68
2029-01-10 00:00:00,0.6305018105251037,5.61,1356.36,1.0,23.5,20.31
2029-01-11 00:00:00,0.6412292846837372,5.52,1358.07,1.0,23.5,19.78
2029-01-12 00:00:00,0.6389284638101483,5.57,1359.47,1.0,23.5,19.28
2029-01-13 00:00:00,0.6319970576428074,5.58,1361.18,1.0,23.5,19.68
2029-01-14 00:00:00,0.6226709325299624,5.56,1361.75,1.0,23.5,21.41
2029-01-15 00:00:00,0.808109286902649,5.62,1363.26,1.0,23.5,24.64
2029-01-16 00:00:00,0.6784110840225357,5.62,1365.18,1.0,23.5,24.65
2029-01-17 00:00:00,0.5971053157438073,5.56,1367.2,1.0,23.4,23.27
2029-01-18 00:00:00,0.5550677228879909,5.61,1368.91,1.0,23.4,24.11
2029-01-19 00:00:00,0.615798876023523,5.51,1370.63,1.0,23.4,23.84
2029-01-20 00:00:00,0.6285711632432338,5.53,1372.44,1.0,23.4,21.36
2029-01-20 02:00:00,0.6168965152962574,5.53,1372.81,1.0,23.3,18.43
2029-01-21 00:00:00,0.595634046547756,5.53,1373.43,1.0,23.4,21.97
2029-01-22 00:00:00,0.7834475218139537,5.62,1374.47,1.0,23.4,20.14
2029-01-22 01:00:00,0.567254613303319,5.64,1374.81,1.0,23.4,18.26
2029-01-23 00:00:00,0.6283066057609346,5.63,1375.92,1.0,23.4,23.74
2029-01-24 00:00:00,0.5885651846852437,5.56,1376.7,1.0,23.4,20.16
2029-01-25 00:00:00,0.6898526887171436,5.7,1379.66,1.0,23.4,24.6
2029-01-26 00:00:00,0.7059231658477348,5.48,1381.47,1.0,23.4,19.89
2029-01-27 00:00:00,0.7220166770286656,5.51,1383.58,1.0,23.4,23.75
2029-01-28 00:00:00,0.6652220154843866,5.64,1384.87,1.0,23.4,21.84
2029-01-29 00:00:00,0.6985310489827996,5.51,1385.34,1.0,23.4,20.28
2029-01-29 02:00:00,0.5965223462383193,5.51,1385.4,1.0,23.5,24.51
2029-01-29 03:00:00,0.6098762346838872,5.57,1386.0,1.0,23.4,20.83
2029-01-29 04:00:00,0.5668522378893456,5.65,1386.08,1.0,23.5,24.16
2029-01-30 00:00:00,0.7982525147975518,5.51,1386.95,1.0,23.4,20.92
2029-01-31 00:00:00,0.6403004457165635,5.53,1387.83,1.0,23.4,23.9
2029-02-01 00:00:00,0.820056584612582,5.68,1389.23,1.0,23.4,24.36
2029-02-01 01:00:00,0.6281673983586256,5.57,1389.21,1.0,23.5,20.75
2029-02-01 02:00:00,0.6163655785750823,5.55,1389.29,1.0,23.4,22.52
2029-02-02 00:00:00,0.6517062651006876,5.69,1390.84,1.0,23.4,18.56
2029-02-03 00:00:00,0.6522674817908434,5.55,1392.97,1.0,23.4,19.23
2029-02-04 00:00:00,0.6647660190183567,5.59,1395.3,1.0,23.4,23.92
2029-02-05 00:00:00,0.8314761493606482,5.56,1396.91,1.0,23.4,24.95
2029-02-06 00:00:00,0.6382714471637945,5.63,1397.28,1.0,23.4,23.61
2029-02-07 00:00:00,0.6496385911353799,5.6,1400.03,1.0,23.4,23.65
2029-02-08 00:00:00,0.6619805772830719,5.73,1399.87,1.0,23.3,22.99
2029-02-09 00:00:00,0.6383482727471612,5.69,1400.44,1.0,23.4,20.22
2029-02-10 00:00:00,0.6657563353195419,5.75,1401.64,1.0,23.3,24.25
2029-02-10 02:00:00,0.5841485929740274,5.65,1401.38,1.0,23.4,20.08
2029-02-11 00:00:00,0.6291632130154677,5.76,1403.35,1.0,23.3,20.79
2029-02-12 00:00:00,0.8030951939553851,5.67,1404.23,1.0,23.3,19.71
2029-02-13 00:00:00,0.5889442358199166,5.65,1406.25,1.0,23.3,23.47
2029-02-14 00:00:00,0.620791541818692,5.55,1408.7,1.0,23.3,20.59
2029-02-15 00:00:00,0.648618280377128,5.59,1410.09,1.0,23.3,19.07
2029-02-16 00:00:00,0.6031335245472287,5.73,1411.29,1.0,23.3,21.54
2029-02-17 00:00:00,0.6738541269031463,5.62,1414.66,1.0,23.3,22.16
2029-02-18 00:00:00,0.7519130842227492,5.76,1416.17,1.0,23.3,23.49
2029-02-19 00:00:00,0.7274176279466238,5.67,1416.11,1.0,23.3,21.17
2029-02-19 01:00:00,0.579622498055514,5.71,1417.54,1.0,23.3,18.13
2029-02-20 00:00:00,0.6608578897976622,5.69,1418.34,1.0,23.3,19.85
2029-02-21 00:00:00,0.5823044373980589,5.69,1419.85,1.0,23.3,18.93
2029-02-22 00:00:00,0.6096791507372877,5.69,1422.39,1.0,23.3,23.77
2029-02-23 00:00:00,0.6676995312108149,5.67,1423.48,1.0,23.3,24.49
2029-02-24 00:00:00,0.66975558282324,5.79,1426.85,1.0,23.3,21.8
2029-02-24 01:00:00,0.603585290964635,5.62,1427.04,1.0,23.2,19.58
2029-02-25 00:00:00,0.7177685881370252,5.62,1428.67,1.0,23.3,18.99
2029-02-25 01:00:00,0.6278367485143705,5.79,1429.17,1.0,23.2,24.25
2029-02-26 00:00:00,0.8695349745126664,5.6,1432.36,1.0,23.2,20.03
2029-02-26 01:00:00,0.6163283837522804,5.59,1432.12,1.0,23.3,18.6
2029-02-26 02:00:00,0.6496472962748826,5.79,1431.79,1.0,23.2,19.65
2029-02-26 03:00:00,0.5558414802178999,5.81,1432.6,1.0,23.2,19.81
2029-02-26 04:00:00,0.5835646454999467,5.62,1432.99,1.0,23.2,23.42
2029-02-26 22:00:00,0.5505909810894591,5.66,1434.84,1.0,23.3,22.49
2029-02-27 00:00:00,0.6866648909140763,5.81,1434.48,1.0,23.2,18.8
2029-02-28 00:00:00,0.6278464746819701,5.8,1435.99,1.0,23.2,21.51
2029-02-28 02:00:00,0.5777375376389747,5.59,1436.25,1.0,23.3,21.4
2029-02-28 20:00:00,0.5510840893693123,5.59,1438.21,1.0,23.3,20.35
2029-03-01 00:00:00,0.7662379035723965,5.78,1438.01,1.0,23.2,22.77
2029-03-01 01:00:00,0.6456888751003398,5.59,1438.3,1.0,23.2,18.95
2029-03-01 02:00:00,0.6245965743945269,5.61,1437.96,1.0,23.3,22.79
2029-03-02 00:00:00,0.6658909751809795,5.63,1440.45,1.0,23.2,20.39
2029-03-03 00:00:00,0.6632326551317151,5.59,1441.96,1.0,23.2,21.68
2029-03-03 02:00:00,0.5578997942589001,5.61,1441.6,1.0,23.3,21.05
2029-03-04 00:00:00,0.6604740838992526,5.65,1443.47,1.0,23.2,24.13
2029-03-05 00:00:00,0.7338709445975199,5.82,1445.69,1.0,23.2,24.09
2029-03-05 03:00:00,0.5773603239795262,5.66,1446.97,1.0,23.2,18.96
2029-03-06 00:00:00,0.6337420492345339,5.81,1447.92,1.0,23.2,20.17
2029-03-07 00:00:00,0.6376642123821284,5.68,1449.64,1.0,23.2,24.48
2029-03-08 00:00:00,0.649581657934726,5.59,1452.07,1.0,23.2,20.78
2029-03-09 00:00:00,0.6800912209872056,5.68,1454.41,1.0,23.2,24.53
2029-03-10 00:00:00,0.7001603080087864,5.55,1456.33,1.0,23.2,24.09
2029-03-11 00:00:00,0.69812326353527,5.62,1458.77,1.0,23.2,22.84
2029-03-12 00:00:00,0.8128143355175004,5.64,1459.65,1.0,23.2,24.31
2029-03-12 01:00:00,0.5532792281544813,5.55,1460.56,1.0,23.2,24.06
2029-03-12 16:00:00,0.5680670253119289,5.55,1149.32,1.0,23.3,22.93
2029-03-13 00:00:00,0.7794217510105778,5.57,1148.9,1.0,23.3,18.06
2029-03-13 01:00:00,0.5609713855356657,5.76,1147.97,1.0,23.2,23.09
2029-03-14 00:00:00,0.6340029662074247,5.59,1149.01,1.0,23.3,18.03
2029-03-15 00:00:00,0.6698998516275413,5.56,1148.59,1.0,23.3,18.51
2029-03-16 00:00:00,0.6557018373084409,5.71,1149.32,1.0,23.3,18.21
2029-03-17 00:00:00,0.6780804133600971,5.67,1148.86,1.0,23.2,21.32
2029-03-18 00:00:00,0.7515988379643389,5.53,1149.01,1.0,23.3,21.19
2029-03-18 01:00:00,0.5718629112813632,5.65,1148.28,1.0,23.2,18.58
2029-03-18 03:00:00,0.5604308538456714,5.55,1148.39,1.0,23.2,18.31
2029-03-19 00:00:00,0.8606978276444015,5.55,1148.9,1.0,23.3,24.56
2029-03-20 00:00:00,0.5829568702559951,5.68,1147.14,1.0,23.4,20.22
2029-03-21 00:00:00,0.6717409393699053,5.63,1148.39,1.0,23.4,20.67
2029-03-22 00:00:00,0.5992910457022853,5.65,1147.14,1.0,23.5,18.32
2029-03-23 00:00:00,0.6037918946965682,5.59,1147.66,1.0,23.6,19.05
2029-03-24 00:00:00,0.613220350453867,5.59,1148.49,1.0,23.6,21.87
2029-03-25 00:00:00,0.7215295683545216,5.68,1148.07,1.0,23.6,24.7
2029-03-26 00:00:00,0.7897881189961579,5.58,1149.01,1.0,23.6,19.79
2029-03-26 01:00:00,0.5493736207373711,5.67,1148.18,1.0,23.7,20.06
2029-03-29 00:00:00,0.5796208776529107,5.6,1148.7,1.0,23.7,24.77
2029-03-31 00:00:00,0.6334559867342754,5.63,1147.66,1.0,23.8,22.51
2029-04-01 00:00:00,0.8304699122754895,5.65,1148.18,1.0,23.8,23.46
2029-04-01 01:00:00,0.5622652815475249,5.58,1148.07,1.0,23.8,22.37
2029-04-01 02:00:00,0.5794321356581369,5.57,1148.39,1.0,23.8,21.48
2029-04-01 03:00:00,0.6546238521784872,5.64,1147.56,1.0,23.9,18.18
2029-04-02 00:00:00,0.6663921990187694,5.63,1147.14,1.0,23.9,21.55
2029-04-04 00:00:00,0.605166867665137,5.6,1147.56,1.0,23.9,19.47
2029-04-07 00:00:00,0.6426746640316665,5.63,1148.27,1.0,24.0,20.85
2029-04-08 00:00:00,0.631945324820778,5.59,1147.44,1.0,24.1,21.16
2029-04-09 00:00:00,0.732237920849443,5.73,1133.43,1.0,24.1,18.43
2029-04-13 00:00:00,0.581056704302767,5.69,1142.56,1.0,23.9,23.17
2029-04-14 00:00:00,0.557309473147749,5.68,1142.77,1.0,23.9,20.77
2029-04-15 00:00:00,0.6018462104105579,5.68,1143.5,1.0,23.9,19.68
2029-04-16 00:00:00,0.8049749827737368,5.63,1143.71,1.0,24.0,23.9
2029-04-16 02:00:00,0.6118867314396742,5.68,1143.08,1.0,23.9,18.07
2029-04-20 00:00:00,0.5630955235003918,5.69,1141.94,1.0,23.9,19.98
2029-04-21 00:00:00,0.612277302882489,5.62,1141.73,1.0,23.9,20.0
2029-04-22 00:00:00,0.5884277751046989,5.7,1141.22,1.0,24.0,20.47
2029-04-23 00:00:00,0.7655691022249903,5.63,1141.42,1.0,24.0,24.51
2029-04-24 00:00:00,0.5751375358482981,5.66,1140.9,1.0,24.0,22.22
2029-04-25 00:00:00,0.6183387256860169,5.65,1141.63,1.0,24.1,23.0
2029-04-27 00:00:00,0.5634224721339112,5.62,1140.59,1.0,24.1,21.65
2029-04-28 00:00:00,0.6375913752625098,5.68,1139.97,1.0,24.1,22.54
2029-04-29 00:00:00,0.6437972104418217,5.63,1140.39,1.0,24.2,20.59
2029-04-30 00:00:00,0.7106638630567879,5.62,1140.18,1.0,24.2,19.87
2029-05-01 00:00:00,0.7028836679346823,5.61,1138.93,1.0,24.3,18.68
2029-05-04 00:00:00,0.617091999174039,5.69,1137.89,1.0,24.5,24.61
2029-05-05 00:00:00,0.7093029906500081,5.71,1137.79,1.0,24.7,22.92
2029-05-06 00:00:00,0.5721872401407005,5.64,1138.0,1.0,24.8,19.02
2029-05-07 00:00:00,0.6460584425970595,5.62,1137.38,1.0,24.8,20.28
2029-05-09 00:00:00,0.6636984752232994,5.61,1136.86,1.0,24.8,24.27
2029-05-10 00:00:00,0.5958499868459498,5.61,1137.06,1.0,24.8,21.65
2029-05-12 00:00:00,0.5821558790897431,5.74,1133.74,1.0,24.9,21.36
2029-05-13 00:00:00,0.6116954531911802,5.74,1133.12,1.0,24.9,18.43
2029-05-14 00:00:00,0.729377904159954,5.68,1134.16,1.0,24.9,23.2
2029-05-15 00:00:00,0.6039571481130047,5.72,1135.09,1.0,24.9,19.77
2029-05-17 00:00:00,0.6971494142169397,5.62,1136.34,1.0,24.9,24.18
2029-05-20 00:00:00,0.599041445945088,5.7,1137.17,1.0,25.1,24.81
2029-05-21 00:00:00,0.69163157487374,5.7,1136.86,1.0,25.1,20.44
2029-05-22 00:00:00,0.5934630660506404,5.61,1138.0,1.0,25.1,23.63
2029-05-26 00:00:00,0.5819293094141788,5.63,1134.57,1.0,25.2,24.47
2029-05-28 00:00:00,0.7376035746863802,5.69,1133.85,1.0,25.2,23.51
2029-05-30 00:00:00,0.5629677315269206,5.61,1134.05,1.0,25.1,21.07
2029-06-01 00:00:00,0.6771334203534563,5.61,1133.43,1.0,25.1,23.92
2029-06-02 00:00:00,0.5739113090621066,5.65,1133.74,1.0,25.0,19.55
2029-06-03 00:00:00,0.5535801893458102,5.62,1133.64,1.0,25.0,21.05
2029-06-04 00:00:00,0.7223196149301404,5.62,1134.37,1.0,25.0,23.97
2029-06-08 00:00:00,0.7361212513640462,5.64,1135.51,1.0,25.0,20.06
2029-06-10 00:00:00,0.695441257714709,5.57,1136.34,1.0,24.9,20.64
2029-06-11 00:00:00,0.6767332537829704,5.64,1135.4,1.0,24.9,20.12
2029-06-13 00:00:00,0.6121259723060327,5.56,1136.23,1.0,24.9,18.06
2029-06-14 00:00:00,0.562157768427441,5.56,1138.13,1.0,25.0,24.36
2029-06-15 00:00:00,0.5827990227206089,5.59,1136.57,1.0,25.1,22.2
2029-06-17 00:00:00,0.5975096658083321,5.64,1135.64,1.0,25.2,24.03
2029-06-18 00:00:00,0.6240853931008526,5.59,1135.43,1.0,25.2,19.3
2029-06-21 00:00:00,0.5932285069870927,5.64,1134.6,1.0,25.1,24.96
2029-06-23 00:00:00,0.6752690764091951,5.6,1133.88,1.0,25.2,18.32
2029-06-24 00:00:00,0.5926440938210416,5.61,1132.53,1.0,25.1,23.29
2029-06-25 00:00:00,0.6978636794510097,5.64,1132.53,1.0,25.2,22.94
2029-06-26 00:00:00,0.6594684738052579,5.62,1137.42,1.0,25.3,23.84
2029-06-27 00:00:00,0.5664728253425632,5.6,1136.8,1.0,25.3,18.52
2029-07-01 00:00:00,0.7280096248656708,5.61,1136.18,1.0,25.1,24.45
2029-07-01 02:00:00,0.5684558284115087,5.68,1136.28,1.0,25.1,24.64
2029-07-01 03:00:00,0.5917639337951601,5.62,1136.59,1.0,25.0,20.66
2029-07-02 00:00:00,0.7173055479049377,5.65,1136.49,1.0,25.0,24.01
2029-07-04 00:00:00,0.6617216759930163,5.67,1137.42,1.0,25.1,23.66
2029-07-06 00:00:00,0.6310400355755726,5.57,1138.56,1.0,25.1,23.83
2029-07-07 00:00:00,0.6334158610247167,5.65,1139.19,1.0,25.1,19.9
2029-07-09 00:00:00,0.7147041684749006,5.56,1139.6,1.0,25.1,23.07
2029-07-10 00:00:00,0.5567696748156777,5.62,1138.56,1.0,25.1,21.98
2029-07-14 00:00:00,0.5765640122336555,5.57,1137.94,1.0,25.1,24.0
2029-07-15 00:00:00,0.5600748571596466,5.58,1137.73,1.0,25.0,22.63
2029-07-16 00:00:00,0.7127628965517074,5.56,1136.49,1.0,25.0,18.97
2029-07-17 00:00:00,0.5499218722832967,5.61,1136.38,1.0,24.9,22.6
2029-07-20 00:00:00,0.6733879459443064,5.58,1135.45,1.0,24.9,24.68
2029-07-22 00:00:00,0.651106616697321,5.61,1135.04,1.0,24.9,23.35
2029-07-23 00:00:00,0.755346394292578,5.55,1135.87,1.0,24.9,19.85
2029-07-24 00:00:00,0.6236326196261467,5.56,1135.97,1.0,24.9,24.24
2029-07-25 00:00:00,0.6306247983605062,5.57,1135.87,1.0,24.9,20.35
2029-07-26 00:00:00,0.5912096563975665,5.62,1134.83,1.0,24.8,24.59
2029-07-28 00:00:00,0.5520687070150984,5.55,1135.24,1.0,24.9,21.86
2029-07-29 00:00:00,0.5905240133876913,5.56,1134.83,1.0,24.9,20.83
2029-07-30 00:00:00,0.7221890905203043,5.57,1135.55,1.0,24.9,19.51
2029-08-01 00:00:00,0.6751431646757022,5.62,1134.0,1.0,24.9,19.22
2029-08-03 00:00:00,0.5834660318932109,5.58,1133.89,1.0,24.9,24.8
2029-08-05 00:00:00,0.5513518540770048,5.6,1132.65,1.0,24.9,20.7
2029-08-06 00:00:00,0.775769453447165,5.57,1131.51,1.0,24.9,20.81
2029-08-10 00:00:00,0.5699651328199831,5.61,1129.33,1.0,24.9,22.22
2029-08-11 00:00:00,0.5896253885505046,5.65,1129.22,1.0,24.9,23.72
2029-08-12 00:00:00,0.6676926442991343,5.69,1127.98,1.0,24.8,24.5
2029-08-13 00:00:00,0.7145047398625033,5.67,1128.71,1.0,24.8,23.57
2029-08-14 00:00:00,0.5560897954323692,5.6,1128.6,1.0,24.8,23.93
2029-08-16 00:00:00,0.5659534848614688,5.64,1127.56,1.0,24.7,23.65
2029-08-18 00:00:00,0.636779105929837,5.59,1131.12,1.0,24.8,21.42
2029-08-19 00:00:00,0.5809087795356315,5.59,1130.81,1.0,24.8,23.34
2029-08-20 00:00:00,0.7841857166210723,5.64,1131.22,1.0,24.7,23.06
2029-08-23 00:00:00,0.5596304526651943,5.61,1130.55,1.0,24.7,20.46
2029-08-24 00:00:00,0.5712016265619381,5.63,1130.6,1.0,24.6,22.37
2029-08-25 00:00:00,0.5555955423239016,5.66,1130.5,1.0,24.6,22.71
2029-08-27 00:00:00,0.6644594028723952,5.67,1130.91,1.0,24.6,23.27
2029-09-01 00:00:00,0.7106127422130638,5.66,1131.43,1.0,24.6,19.99
2029-09-03 00:00:00,0.7900376933098807,5.65,1131.64,1.0,24.5,18.19
2029-09-03 01:00:00,0.6267756034166391,5.6,1131.33,1.0,24.6,20.71
2029-09-04 00:00:00,0.5829384758932075,5.62,1132.37,1.0,24.5,22.84
2029-09-06 00:00:00,0.6157651923610389,5.61,1131.43,1.0,24.3,24.41
2029-09-07 00:00:00,0.5841654926409351,5.56,1131.95,1.0,24.3,23.59
2029-09-08 00:00:00,0.6012681298076145,5.55,1132.05,1.0,24.3,23.23
2029-09-09 00:00:00,0.5636334625868323,5.58,1131.85,1.0,24.3,22.76
2029-09-10 00:00:00,0.7586611226438881,5.55,1131.33,1.0,24.3,24.65
2029-09-10 02:00:00,0.5957516386510342,5.61,1130.5,1.0,24.2,22.24
2029-09-10 03:00:00,0.5519706540926067,5.58,1131.43,1.0,24.3,22.49
2029-09-17 00:00:00,0.7077646608623579,5.62,1129.15,1.0,24.2,23.64
2029-09-19 00:00:00,0.5596141007274443,5.64,1129.25,1.0,24.1,23.82
2029-09-20 00:00:00,0.6063606572704099,5.54,1129.36,1.0,24.1,21.36
2029-09-22 00:00:00,0.5826393664494101,5.55,1128.84,1.0,24.1,24.68
2029-09-24 00:00:00,0.8075863797912518,5.57,1128.53,1.0,24.1,23.23
2029-09-25 00:00:00,0.6439153866262519,5.62,1127.8,1.0,24.1,23.41
2029-09-26 00:00:00,0.5632344649456061,5.64,1127.28,1.0,24.0,22.68
2029-09-28 00:00:00,0.5636488007059689,5.64,1127.07,1.0,24.0,24.93
2029-09-30 00:00:00,0.5529825265196463,5.63,1126.76,1.0,24.0,21.44
2029-10-01 00:00:00,0.8794739532608676,5.65,1126.35,1.0,24.0,19.45
2029-10-01 01:00:00,0.6404072994988209,5.64,1125.93,1.0,24.0,24.58
2029-10-01 02:00:00,0.6240679371773441,5.54,1126.66,1.0,24.0,20.74
2029-10-01 03:00:00,0.5488848345770102,5.65,1126.87,1.0,24.0,23.47
2029-10-02 00:00:00,0.552732139027646,5.6,1125.83,1.0,24.0,23.64
2029-10-05 00:00:00,0.6193421485937735,5.63,1125.41,1.0,24.0,20.39
2029-10-06 00:00:00,0.5581932954274893,5.57,1125.1,1.0,23.9,22.39
2029-10-07 00:00:00,0.6125876959710974,5.56,1125.0,1.0,23.9,24.85
2029-10-08 00:00:00,0.6649076021538993,5.56,1124.89,1.0,23.9,19.88
